Store,Date,Weekly_Sales,Holiday_Flag,Temperature,Fuel_Price,CPI,Unemployment
1,5/2/2010,1643690.9,0,42.31,2.572,211.0963582,8.106
1,12/2/2010,1641957.44,1,38.51,2.548,211.2421698,8.106
1,19-02-2010,1611968.17,0,39.93,2.514,211.2891429,8.106
1,26-02-2010,1409727.59,0,46.63,2.561,211.3196429,8.106
1,5/3/2010,1554806.68,0,46.5,2.625,211.3501429,8.106
1,12/3/2010,1439541.59,0,57.79,2.667,211.3806429,8.106
1,19-03-2010,1472515.79,0,54.58,2.72,211.215635,8.106
1,26-03-2010,1404429.92,0,51.45,2.732,211.0180424,8.106
1,2/4/2010,1594968.28,0,62.27,2.719,210.8204499,7.808
1,9/4/2010,1545418.53,0,65.86,2.77,210.6228574,7.808
1,16-04-2010,1466058.28,0,66.32,2.808,210.4887,7.808
1,23-04-2010,1391256.12,0,64.84,2.795,210.4391228,7.808
1,30-04-2010,1425100.71,0,67.41,2.78,210.3895456,7.808
1,7/5/2010,1603955.12,0,72.55,2.835,210.3399684,7.808
1,14-05-2010,1494251.5,0,74.78,2.854,210.3374261,7.808
1,21-05-2010,1399662.07,0,76.44,2.826,210.6170934,7.808
1,28-05-2010,1432069.95,0,80.44,2.759,210.8967606,7.808
1,4/6/2010,1615524.71,0,80.69,2.705,211.1764278,7.808
1,11/6/2010,1542561.09,0,80.43,2.668,211.4560951,7.808
1,18-06-2010,1503284.06,0,84.11,2.637,211.4537719,7.808
1,25-06-2010,1422711.6,0,84.34,2.653,211.3386526,7.808
1,2/7/2010,1492418.14,0,80.91,2.669,211.2235333,7.787
1,9/7/2010,1546074.18,0,80.48,2.642,211.108414,7.787
1,16-07-2010,1448938.92,0,83.15,2.623,211.1003854,7.787
1,23-07-2010,1385065.2,0,83.36,2.608,211.2351443,7.787
1,30-07-2010,1371986.6,0,81.84,2.64,211.3699032,7.787
1,6/8/2010,1605491.78,0,87.16,2.627,211.5046621,7.787
1,13-08-2010,1508237.76,0,87,2.692,211.6394211,7.787
1,20-08-2010,1513080.49,0,86.65,2.664,211.6033633,7.787
1,27-08-2010,1449142.92,0,85.22,2.619,211.5673056,7.787
1,3/9/2010,1540163.53,0,81.21,2.577,211.5312479,7.787
1,10/9/2010,1507460.69,1,78.69,2.565,211.4951902,7.787
1,17-09-2010,1430378.67,0,82.11,2.582,211.5224596,7.787
1,24-09-2010,1351791.03,0,80.94,2.624,211.5972246,7.787
1,1/10/2010,1453329.5,0,71.89,2.603,211.6719895,7.838
1,8/10/2010,1508239.93,0,63.93,2.633,211.7467544,7.838
1,15-10-2010,1459409.1,0,67.18,2.72,211.8137436,7.838
1,22-10-2010,1345454,0,69.86,2.725,211.8612937,7.838
1,29-10-2010,1384209.22,0,69.64,2.716,211.9088438,7.838
1,5/11/2010,1551659.28,0,58.74,2.689,211.9563939,7.838
1,12/11/2010,1494479.49,0,59.61,2.728,212.003944,7.838
1,19-11-2010,1483784.18,0,51.41,2.771,211.8896737,7.838
1,26-11-2010,1955624.11,1,64.52,2.735,211.7484333,7.838
1,3/12/2010,1548033.78,0,49.27,2.708,211.607193,7.838
1,10/12/2010,1682614.26,0,46.33,2.843,211.4659526,7.838
1,17-12-2010,1891034.93,0,49.84,2.869,211.4053124,7.838
1,24-12-2010,2387950.2,0,52.33,2.886,211.4051222,7.838
1,31-12-2010,1367320.01,1,48.43,2.943,211.4049321,7.838
1,7/1/2011,1444732.28,0,48.27,2.976,211.4047419,7.742
1,14-01-2011,1391013.96,0,35.4,2.983,211.4574109,7.742
1,21-01-2011,1327405.42,0,44.04,3.016,211.8272343,7.742
1,28-01-2011,1316899.31,0,43.83,3.01,212.1970577,7.742
1,4/2/2011,1606629.58,0,42.27,2.989,212.5668812,7.742
1,11/2/2011,1649614.93,1,36.39,3.022,212.9367046,7.742
1,18-02-2011,1686842.78,0,57.36,3.045,213.2478853,7.742
1,25-02-2011,1456800.28,0,62.9,3.065,213.535609,7.742
1,4/3/2011,1636263.41,0,59.58,3.288,213.8233327,7.742
1,11/3/2011,1553191.63,0,53.56,3.459,214.1110564,7.742
1,18-03-2011,1576818.06,0,62.76,3.488,214.3627114,7.742
1,25-03-2011,1541102.38,0,69.97,3.473,214.5999389,7.742
1,1/4/2011,1495064.75,0,59.17,3.524,214.8371664,7.682
1,8/4/2011,1614259.35,0,67.84,3.622,215.0743939,7.682
1,15-04-2011,1559889,0,71.27,3.743,215.2918561,7.682
1,22-04-2011,1564819.81,0,72.99,3.807,215.4599053,7.682
1,29-04-2011,1455090.69,0,72.03,3.81,215.6279544,7.682
1,6/5/2011,1629391.28,0,64.61,3.906,215.7960035,7.682
1,13-05-2011,1604775.58,0,75.64,3.899,215.9640526,7.682
1,20-05-2011,1428218.27,0,67.63,3.907,215.7339202,7.682
1,27-05-2011,1466046.67,0,77.72,3.786,215.5037878,7.682
1,3/6/2011,1635078.41,0,83,3.699,215.2736553,7.682
1,10/6/2011,1588948.32,0,83.13,3.648,215.0435229,7.682
1,17-06-2011,1532114.86,0,86.41,3.637,214.9980596,7.682
1,24-06-2011,1438830.15,0,83.58,3.594,215.0910982,7.682
1,1/7/2011,1488538.09,0,85.55,3.524,215.1841368,7.962
1,8/7/2011,1534849.64,0,85.83,3.48,215.2771754,7.962
1,15-07-2011,1455119.97,0,88.54,3.575,215.3611087,7.962
1,22-07-2011,1396926.82,0,85.77,3.651,215.4222784,7.962
1,29-07-2011,1352219.79,0,86.83,3.682,215.4834482,7.962
1,5/8/2011,1624383.75,0,91.65,3.684,215.544618,7.962
1,12/8/2011,1525147.09,0,90.76,3.638,215.6057878,7.962
1,19-08-2011,1530761.43,0,89.94,3.554,215.6693107,7.962
1,26-08-2011,1464693.46,0,87.96,3.523,215.7332258,7.962
1,2/9/2011,1550229.22,0,87.83,3.533,215.7971409,7.962
1,9/9/2011,1540471.24,1,76,3.546,215.861056,7.962
1,16-09-2011,1514259.78,0,79.94,3.526,216.0410526,7.962
1,23-09-2011,1380020.27,0,75.8,3.467,216.3758246,7.962
1,30-09-2011,1394561.83,0,79.69,3.355,216.7105965,7.962
1,7/10/2011,1630989.95,0,69.31,3.285,217.0453684,7.866
1,14-10-2011,1493525.93,0,71.74,3.274,217.3552733,7.866
1,21-10-2011,1502562.78,0,63.71,3.353,217.5159762,7.866
1,28-10-2011,1445249.09,0,66.57,3.372,217.6766791,7.866
1,4/11/2011,1697229.58,0,54.98,3.332,217.837382,7.866
1,11/11/2011,1594938.89,0,59.11,3.297,217.9980849,7.866
1,18-11-2011,1539483.7,0,62.25,3.308,218.2205088,7.866
1,25-11-2011,2033320.66,1,60.14,3.236,218.4676211,7.866
1,2/12/2011,1584083.95,0,48.91,3.172,218.7147333,7.866
1,9/12/2011,1799682.38,0,43.93,3.158,218.9618456,7.866
1,16-12-2011,1881176.67,0,51.63,3.159,219.1794533,7.866
1,23-12-2011,2270188.99,0,47.96,3.112,219.3577216,7.866
1,30-12-2011,1497462.72,1,44.55,3.129,219.5359898,7.866
1,6/1/2012,1550369.92,0,49.01,3.157,219.7142581,7.348
1,13-01-2012,1459601.17,0,48.53,3.261,219.8925263,7.348
1,20-01-2012,1394393.84,0,54.11,3.268,219.9856893,7.348
1,27-01-2012,1319325.59,0,54.26,3.29,220.0788523,7.348
1,3/2/2012,1636339.65,0,56.55,3.36,220.1720153,7.348
1,10/2/2012,1802477.43,1,48.02,3.409,220.2651783,7.348
1,17-02-2012,1819870,0,45.32,3.51,220.4257586,7.348
1,24-02-2012,1539387.83,0,57.25,3.555,220.636902,7.348
1,2/3/2012,1688420.76,0,60.96,3.63,220.8480454,7.348
1,9/3/2012,1675431.16,0,58.76,3.669,221.0591887,7.348
1,16-03-2012,1677472.78,0,64.74,3.734,221.2118132,7.348
1,23-03-2012,1511068.07,0,65.93,3.787,221.2864126,7.348
1,30-03-2012,1649604.63,0,67.61,3.845,221.3610119,7.348
1,6/4/2012,1899676.88,0,70.43,3.891,221.4356112,7.143
1,13-04-2012,1621031.7,0,69.07,3.891,221.5102105,7.143
1,20-04-2012,1521577.87,0,66.76,3.877,221.5640737,7.143
1,27-04-2012,1468928.37,0,67.23,3.814,221.6179368,7.143
1,4/5/2012,1684519.99,0,75.55,3.749,221.6718,7.143
1,11/5/2012,1611096.05,0,73.77,3.688,221.7256632,7.143
1,18-05-2012,1595901.87,0,70.33,3.63,221.742674,7.143
1,25-05-2012,1555444.55,0,77.22,3.561,221.744944,7.143
1,1/6/2012,1624477.58,0,77.95,3.501,221.7472139,7.143
1,8/6/2012,1697230.96,0,78.3,3.452,221.7494839,7.143
1,15-06-2012,1630607,0,79.35,3.393,221.7626421,7.143
1,22-06-2012,1527845.81,0,78.39,3.346,221.8030211,7.143
1,29-06-2012,1540421.49,0,84.88,3.286,221.8434,7.143
1,6/7/2012,1769854.16,0,81.57,3.227,221.8837789,6.908
1,13-07-2012,1527014.04,0,77.12,3.256,221.9241579,6.908
1,20-07-2012,1497954.76,0,80.42,3.311,221.9327267,6.908
1,27-07-2012,1439123.71,0,82.66,3.407,221.9412954,6.908
1,3/8/2012,1631135.79,0,86.11,3.417,221.9498642,6.908
1,10/8/2012,1592409.97,0,85.05,3.494,221.9584329,6.908
1,17-08-2012,1597868.05,0,84.85,3.571,222.0384109,6.908
1,24-08-2012,1494122.38,0,77.66,3.62,222.1719457,6.908
1,31-08-2012,1582083.4,0,80.49,3.638,222.3054805,6.908
1,7/9/2012,1661767.33,1,83.96,3.73,222.4390153,6.908
1,14-09-2012,1517428.87,0,74.97,3.717,222.5820193,6.908
1,21-09-2012,1506126.06,0,69.87,3.721,222.7818386,6.908
1,28-09-2012,1437059.26,0,76.08,3.666,222.9816579,6.908
1,5/10/2012,1670785.97,0,68.55,3.617,223.1814772,6.573
1,12/10/2012,1573072.81,0,62.99,3.601,223.3812965,6.573
1,19-10-2012,1508068.77,0,67.97,3.594,223.4257233,6.573
1,26-10-2012,1493659.74,0,69.16,3.506,223.4442513,6.573
2,5/2/2010,2136989.46,0,40.19,2.572,210.7526053,8.324
2,12/2/2010,2137809.5,1,38.49,2.548,210.8979935,8.324
2,19-02-2010,2124451.54,0,39.69,2.514,210.9451605,8.324
2,26-02-2010,1865097.27,0,46.1,2.561,210.9759573,8.324
2,5/3/2010,1991013.13,0,47.17,2.625,211.0067542,8.324
2,12/3/2010,1990483.78,0,57.56,2.667,211.037551,8.324
2,19-03-2010,1946070.88,0,54.52,2.72,210.8733316,8.324
2,26-03-2010,1750197.81,0,51.26,2.732,210.6766095,8.324
2,2/4/2010,2066187.72,0,63.27,2.719,210.4798874,8.2
2,9/4/2010,1954689.21,0,65.41,2.77,210.2831653,8.2
2,16-04-2010,1874957.94,0,68.07,2.808,210.1495463,8.2
2,23-04-2010,1821990.93,0,65.11,2.795,210.1000648,8.2
2,30-04-2010,1802450.29,0,66.98,2.78,210.0505833,8.2
2,7/5/2010,2042581.71,0,71.28,2.835,210.0011018,8.2
2,14-05-2010,1880752.36,0,73.31,2.854,209.9984585,8.2
2,21-05-2010,1896937.1,0,74.83,2.826,210.2768443,8.2
2,28-05-2010,1957113.89,0,81.13,2.759,210.5552301,8.2
2,4/6/2010,2102539.93,0,81.81,2.705,210.833616,8.2
2,11/6/2010,2025538.76,0,83.4,2.668,211.1120018,8.2
2,18-06-2010,2001636.96,0,85.81,2.637,211.1096543,8.2
2,25-06-2010,1939927.09,0,86.26,2.653,210.9950134,8.2
2,2/7/2010,2003940.64,0,82.74,2.669,210.8803726,8.099
2,9/7/2010,1880902.62,0,82.59,2.642,210.7657317,8.099
2,16-07-2010,1845879.79,0,85.32,2.623,210.7577954,8.099
2,23-07-2010,1781717.71,0,87.66,2.608,210.8921319,8.099
2,30-07-2010,1804246.16,0,83.49,2.64,211.0264684,8.099
2,6/8/2010,1991909.98,0,89.53,2.627,211.1608049,8.099
2,13-08-2010,1895601.05,0,89.05,2.692,211.2951413,8.099
2,20-08-2010,1964335.23,0,88.7,2.664,211.2596586,8.099
2,27-08-2010,1863840.49,0,87.12,2.619,211.2241759,8.099
2,3/9/2010,1904608.09,0,81.83,2.577,211.1886931,8.099
2,10/9/2010,1839128.83,1,79.09,2.565,211.1532104,8.099
2,17-09-2010,1793903.6,0,82.05,2.582,211.1806415,8.099
2,24-09-2010,1724557.22,0,81.79,2.624,211.2552578,8.099
2,1/10/2010,1827440.43,0,69.24,2.603,211.3298742,8.163
2,8/10/2010,1849921.44,0,63.19,2.633,211.4044906,8.163
2,15-10-2010,1794355.49,0,65.8,2.72,211.4713286,8.163
2,22-10-2010,1737947.64,0,68.5,2.725,211.5187208,8.163
2,29-10-2010,1802755.11,0,66.24,2.716,211.5661131,8.163
2,5/11/2010,1939061.41,0,57.85,2.689,211.6135053,8.163
2,12/11/2010,1916812.74,0,59.69,2.728,211.6608975,8.163
2,19-11-2010,1956739.17,0,50.81,2.771,211.5470304,8.163
2,26-11-2010,2658725.29,1,62.98,2.735,211.4062867,8.163
2,3/12/2010,2015781.27,0,49.33,2.708,211.265543,8.163
2,10/12/2010,2378726.55,0,45.5,2.843,211.1247993,8.163
2,17-12-2010,2609166.75,0,47.55,2.869,211.0645458,8.163
2,24-12-2010,3436007.68,0,49.97,2.886,211.0646599,8.163
2,31-12-2010,1750434.55,1,47.3,2.943,211.064774,8.163
2,7/1/2011,1758050.79,0,44.69,2.976,211.0648881,8.028
2,14-01-2011,1744193.58,0,33.02,2.983,211.1176713,8.028
2,21-01-2011,1751384.9,0,41.4,3.016,211.4864691,8.028
2,28-01-2011,1695371.68,0,42.83,3.01,211.8552668,8.028
2,4/2/2011,1929346.23,0,38.25,2.989,212.2240646,8.028
2,11/2/2011,2168041.61,1,33.19,3.022,212.5928624,8.028
2,18-02-2011,2080884.82,0,57.83,3.045,212.9033115,8.028
2,25-02-2011,1833511.08,0,60.8,3.065,213.190421,8.028
2,4/3/2011,1981607.78,0,57.77,3.288,213.4775305,8.028
2,11/3/2011,1879107.31,0,52.7,3.459,213.7646401,8.028
2,18-03-2011,1902557.66,0,62.32,3.488,214.0156238,8.028
2,25-03-2011,1766162.05,0,69.42,3.473,214.2521573,8.028
2,1/4/2011,1800171.36,0,55.43,3.524,214.4886908,7.931
2,8/4/2011,1847552.61,0,67,3.622,214.7252242,7.931
2,15-04-2011,1856467.84,0,69.48,3.743,214.9420631,7.931
2,22-04-2011,1886339.6,0,69.39,3.807,215.1096657,7.931
2,29-04-2011,1745545.28,0,69.21,3.81,215.2772683,7.931
2,6/5/2011,1837743.6,0,61.48,3.906,215.4448709,7.931
2,13-05-2011,1838513.07,0,74.61,3.899,215.6124735,7.931
2,20-05-2011,1688281.86,0,67.14,3.907,215.3834778,7.931
2,27-05-2011,1797732.56,0,76.42,3.786,215.1544822,7.931
2,3/6/2011,1933756.21,0,83.07,3.699,214.9254865,7.931
2,10/6/2011,1929153.16,0,83.4,3.648,214.6964908,7.931
2,17-06-2011,1953771.99,0,86.53,3.637,214.6513538,7.931
2,24-06-2011,1790925.8,0,85.17,3.594,214.7441108,7.931
2,1/7/2011,1866243,0,85.69,3.524,214.8368678,7.852
2,8/7/2011,1853161.99,0,87.7,3.48,214.9296249,7.852
2,15-07-2011,1785187.29,0,89.83,3.575,215.0134426,7.852
2,22-07-2011,1743816.41,0,89.34,3.651,215.0749122,7.852
2,29-07-2011,1680693.06,0,90.07,3.682,215.1363819,7.852
2,5/8/2011,1876704.26,0,93.34,3.684,215.1978515,7.852
2,12/8/2011,1812768.26,0,91.58,3.638,215.2593211,7.852
2,19-08-2011,1844094.59,0,89.86,3.554,215.3229307,7.852
2,26-08-2011,1821139.91,0,90.45,3.523,215.386897,7.852
2,2/9/2011,1809119.7,0,89.64,3.533,215.4508632,7.852
2,9/9/2011,1748000.65,1,77.97,3.546,215.5148295,7.852
2,16-09-2011,1691439.52,0,78.85,3.526,215.6944378,7.852
2,23-09-2011,1669299.78,0,75.58,3.467,216.0282356,7.852
2,30-09-2011,1650394.44,0,78.14,3.355,216.3620333,7.852
2,7/10/2011,1837553.43,0,69.92,3.285,216.6958311,7.441
2,14-10-2011,1743882.19,0,71.67,3.274,217.0048261,7.441
2,21-10-2011,1834680.25,0,64.53,3.353,217.1650042,7.441
2,28-10-2011,1769296.25,0,65.87,3.372,217.3251824,7.441
2,4/11/2011,1959707.9,0,55.53,3.332,217.4853605,7.441
2,11/11/2011,1920725.15,0,59.33,3.297,217.6455387,7.441
2,18-11-2011,1902762.5,0,62.01,3.308,217.8670218,7.441
2,25-11-2011,2614202.3,1,56.36,3.236,218.1130269,7.441
2,2/12/2011,1954952,0,48.74,3.172,218.3590319,7.441
2,9/12/2011,2290549.32,0,41.76,3.158,218.605037,7.441
2,16-12-2011,2432736.52,0,50.13,3.159,218.8217928,7.441
2,23-12-2011,3224369.8,0,46.66,3.112,218.9995495,7.441
2,30-12-2011,1874226.52,1,44.57,3.129,219.1773063,7.441
2,6/1/2012,1799520.14,0,46.75,3.157,219.355063,7.057
2,13-01-2012,1744725.48,0,45.99,3.261,219.5328198,7.057
2,20-01-2012,1711769.11,0,51.7,3.268,219.6258417,7.057
2,27-01-2012,1660906.14,0,50.5,3.29,219.7188636,7.057
2,3/2/2012,1935299.94,0,55.21,3.36,219.8118854,7.057
2,10/2/2012,2103322.68,1,46.98,3.409,219.9049073,7.057
2,17-02-2012,2196688.46,0,43.82,3.51,220.0651993,7.057
2,24-02-2012,1861802.7,0,54.63,3.555,220.275944,7.057
2,2/3/2012,1952555.66,0,58.79,3.63,220.4866886,7.057
2,9/3/2012,1937628.26,0,57.11,3.669,220.6974332,7.057
2,16-03-2012,1976082.13,0,63.68,3.734,220.8498468,7.057
2,23-03-2012,1790439.16,0,64.01,3.787,220.9244858,7.057
2,30-03-2012,1857480.84,0,66.83,3.845,220.9991248,7.057
2,6/4/2012,2129035.91,0,68.43,3.891,221.0737638,6.891
2,13-04-2012,1935869.1,0,68.08,3.891,221.1484028,6.891
2,20-04-2012,1847344.45,0,65.69,3.877,221.2021074,6.891
2,27-04-2012,1764133.09,0,67.2,3.814,221.255812,6.891
2,4/5/2012,1923957.09,0,76.73,3.749,221.3095166,6.891
2,11/5/2012,1917520.99,0,73.87,3.688,221.3632212,6.891
2,18-05-2012,2000940.67,0,71.27,3.63,221.380331,6.891
2,25-05-2012,1912791.09,0,78.19,3.561,221.3828029,6.891
2,1/6/2012,1910092.37,0,78.38,3.501,221.3852748,6.891
2,8/6/2012,2010216.49,0,78.69,3.452,221.3877467,6.891
2,15-06-2012,1962924.3,0,80.56,3.393,221.4009901,6.891
2,22-06-2012,1887733.21,0,81.04,3.346,221.4411622,6.891
2,29-06-2012,1881046.12,0,86.32,3.286,221.4813343,6.891
2,6/7/2012,2041507.4,0,84.2,3.227,221.5215064,6.565
2,13-07-2012,1830075.13,0,80.17,3.256,221.5616784,6.565
2,20-07-2012,1819666.46,0,83.23,3.311,221.5701123,6.565
2,27-07-2012,1757923.88,0,86.37,3.407,221.5785461,6.565
2,3/8/2012,1946104.64,0,90.22,3.417,221.5869799,6.565
2,10/8/2012,1866719.96,0,88.55,3.494,221.5954138,6.565
2,17-08-2012,1928016.01,0,84.79,3.571,221.6751459,6.565
2,24-08-2012,1876788.15,0,76.91,3.62,221.8083518,6.565
2,31-08-2012,1947083.3,0,82.64,3.638,221.9415576,6.565
2,7/9/2012,1898777.07,1,87.65,3.73,222.0747635,6.565
2,14-09-2012,1814806.63,0,75.88,3.717,222.2174395,6.565
2,21-09-2012,1829415.67,0,71.09,3.721,222.4169362,6.565
2,28-09-2012,1746470.56,0,79.45,3.666,222.6164329,6.565
2,5/10/2012,1998321.04,0,70.27,3.617,222.8159296,6.17
2,12/10/2012,1900745.13,0,60.97,3.601,223.0154263,6.17
2,19-10-2012,1847990.41,0,68.08,3.594,223.0598077,6.17
2,26-10-2012,1834458.35,0,69.79,3.506,223.0783366,6.17
3,5/2/2010,461622.22,0,45.71,2.572,214.4248812,7.368
3,12/2/2010,420728.96,1,47.93,2.548,214.5747916,7.368
3,19-02-2010,421642.19,0,47.07,2.514,214.6198868,7.368
3,26-02-2010,407204.86,0,52.05,2.561,214.6475127,7.368
3,5/3/2010,415202.04,0,53.04,2.625,214.6751386,7.368
3,12/3/2010,384200.69,0,63.08,2.667,214.7027646,7.368
3,19-03-2010,375328.59,0,60.42,2.72,214.5301219,7.368
3,26-03-2010,359949.27,0,57.06,2.732,214.3241011,7.368
3,2/4/2010,423294.4,0,65.56,2.719,214.1180803,7.343
3,9/4/2010,415870.28,0,68,2.77,213.9120595,7.343
3,16-04-2010,354993.26,0,66.98,2.808,213.7726889,7.343
3,23-04-2010,339976.65,0,67.87,2.795,213.7221852,7.343
3,30-04-2010,361248.39,0,70.24,2.78,213.6716815,7.343
3,7/5/2010,399323.86,0,73.47,2.835,213.6211778,7.343
3,14-05-2010,384357.94,0,77.18,2.854,213.6196139,7.343
3,21-05-2010,343763.17,0,75.81,2.826,213.9116886,7.343
3,28-05-2010,350089.23,0,78.6,2.759,214.2037634,7.343
3,4/6/2010,396968.8,0,78.53,2.705,214.4958382,7.343
3,11/6/2010,355017.09,0,82.1,2.668,214.787913,7.343
3,18-06-2010,364076.85,0,83.52,2.637,214.7858259,7.343
3,25-06-2010,357346.48,0,83.79,2.653,214.6660741,7.343
3,2/7/2010,381151.72,0,82.2,2.669,214.5463222,7.346
3,9/7/2010,349214.18,0,81.75,2.642,214.4265704,7.346
3,16-07-2010,352728.78,0,84.32,2.623,214.4176476,7.346
3,23-07-2010,352864.49,0,83.32,2.608,214.5564968,7.346
3,30-07-2010,347955.05,0,82.04,2.64,214.695346,7.346
3,6/8/2010,402635.76,0,85.13,2.627,214.8341952,7.346
3,13-08-2010,339597.38,0,86.74,2.692,214.9730444,7.346
3,20-08-2010,351728.21,0,88.02,2.664,214.9314191,7.346
3,27-08-2010,362134.09,0,86.15,2.619,214.8897938,7.346
3,3/9/2010,366473.97,0,84.16,2.577,214.8481685,7.346
3,10/9/2010,352260.97,1,80.84,2.565,214.8065431,7.346
3,17-09-2010,363064.64,0,82.36,2.582,214.8322484,7.346
3,24-09-2010,355626.87,0,76.9,2.624,214.9084516,7.346
3,1/10/2010,358784.1,0,73.6,2.603,214.9846548,7.564
3,8/10/2010,395107.35,0,66.99,2.633,215.060858,7.564
3,15-10-2010,345584.39,0,69.71,2.72,215.1293114,7.564
3,22-10-2010,348895.98,0,71.64,2.725,215.17839,7.564
3,29-10-2010,348591.74,0,72.04,2.716,215.2274686,7.564
3,5/11/2010,423175.56,0,62.94,2.689,215.2765472,7.564
3,12/11/2010,386635.03,0,62.79,2.728,215.3256258,7.564
3,19-11-2010,372545.32,0,57.72,2.771,215.2074519,7.564
3,26-11-2010,565567.84,1,68.71,2.735,215.0614025,7.564
3,3/12/2010,476420.77,0,53.76,2.708,214.9153531,7.564
3,10/12/2010,467642.03,0,51.13,2.843,214.7693037,7.564
3,17-12-2010,498159.39,0,52.2,2.869,214.704919,7.564
3,24-12-2010,605990.41,0,57.16,2.886,214.7017828,7.564
3,31-12-2010,382677.76,1,53.2,2.943,214.6986466,7.564
3,7/1/2011,378241.34,0,53.35,2.976,214.6955104,7.551
3,14-01-2011,381061.1,0,44.76,2.983,214.7470729,7.551
3,21-01-2011,350876.7,0,50.74,3.016,215.1268275,7.551
3,28-01-2011,364866.24,0,48.71,3.01,215.5065821,7.551
3,4/2/2011,438516.53,0,45.95,2.989,215.8863367,7.551
3,11/2/2011,430526.21,1,43.57,3.022,216.2660913,7.551
3,18-02-2011,432782.1,0,61.58,3.045,216.5843571,7.551
3,25-02-2011,397211.19,0,67.4,3.065,216.8780275,7.551
3,4/3/2011,437084.51,0,65.11,3.288,217.1716979,7.551
3,11/3/2011,404753.3,0,61.29,3.459,217.4653683,7.551
3,18-03-2011,392109.51,0,69.47,3.488,217.7235226,7.551
3,25-03-2011,380683.67,0,72.94,3.473,217.9674705,7.551
3,1/4/2011,374556.08,0,68.76,3.524,218.2114184,7.574
3,8/4/2011,384075.31,0,72.55,3.622,218.4553663,7.574
3,15-04-2011,366250.69,0,75.88,3.743,218.6788642,7.574
3,22-04-2011,391860.04,0,76.91,3.807,218.851237,7.574
3,29-04-2011,367405.4,0,78.69,3.81,219.0236099,7.574
3,6/5/2011,413042.12,0,69.45,3.906,219.1959827,7.574
3,13-05-2011,386312.68,0,79.87,3.899,219.3683556,7.574
3,20-05-2011,364603.13,0,75.79,3.907,219.127216,7.574
3,27-05-2011,369350.6,0,84.41,3.786,218.8860765,7.574
3,3/6/2011,394507.84,0,84.29,3.699,218.6449369,7.574
3,10/6/2011,391638.75,0,84.84,3.648,218.4037974,7.574
3,17-06-2011,403423.34,0,86.96,3.637,218.3551748,7.574
3,24-06-2011,385520.71,0,84.94,3.594,218.45094,7.574
3,1/7/2011,368962.72,0,85.1,3.524,218.5467052,7.567
3,8/7/2011,395146.24,0,85.38,3.48,218.6424704,7.567
3,15-07-2011,373454.33,0,87.14,3.575,218.7275216,7.567
3,22-07-2011,360617.37,0,86.19,3.651,218.7857881,7.567
3,29-07-2011,345381.29,0,88.07,3.682,218.8440545,7.567
3,5/8/2011,409981.25,0,88.45,3.684,218.9023209,7.567
3,12/8/2011,380376.85,0,88.88,3.638,218.9605873,7.567
3,19-08-2011,379716.91,0,88.44,3.554,219.023271,7.567
3,26-08-2011,366367.55,0,87.67,3.523,219.0866908,7.567
3,2/9/2011,375988.69,0,89.12,3.533,219.1501106,7.567
3,9/9/2011,377347.49,1,81.72,3.546,219.2135305,7.567
3,16-09-2011,375629.51,0,83.63,3.526,219.3972867,7.567
3,23-09-2011,365248.94,0,80.19,3.467,219.7414914,7.567
3,30-09-2011,368477.93,0,82.58,3.355,220.085696,7.567
3,7/10/2011,403342.4,0,75.54,3.285,220.4299007,7.197
3,14-10-2011,368282.57,0,73.75,3.274,220.7486167,7.197
3,21-10-2011,394976.36,0,69.03,3.353,220.9144005,7.197
3,28-10-2011,389540.62,0,71.04,3.372,221.0801842,7.197
3,4/11/2011,459443.22,0,59.31,3.332,221.245968,7.197
3,11/11/2011,407764.25,0,61.7,3.297,221.4117517,7.197
3,18-11-2011,398838.97,0,63.91,3.308,221.6432852,7.197
3,25-11-2011,556925.19,1,68,3.236,221.9011185,7.197
3,2/12/2011,472511.32,0,54.97,3.172,222.1589519,7.197
3,9/12/2011,468772.8,0,49.26,3.158,222.4167852,7.197
3,16-12-2011,510747.62,0,57.95,3.159,222.6426418,7.197
3,23-12-2011,551221.21,0,53.41,3.112,222.8258628,7.197
3,30-12-2011,410553.88,1,48.29,3.129,223.0090839,7.197
3,6/1/2012,398178.21,0,52.42,3.157,223.1923049,6.833
3,13-01-2012,367438.62,0,51.86,3.261,223.3755259,6.833
3,20-01-2012,365818.61,0,56.2,3.268,223.4700552,6.833
3,27-01-2012,349518.1,0,58.06,3.29,223.5645845,6.833
3,3/2/2012,424960.66,0,59.33,3.36,223.6591137,6.833
3,10/2/2012,473292.47,1,51.65,3.409,223.753643,6.833
3,17-02-2012,475591.08,0,52.39,3.51,223.9170153,6.833
3,24-02-2012,418925.47,0,60.12,3.555,224.1320199,6.833
3,2/3/2012,469752.56,0,61.65,3.63,224.3470245,6.833
3,9/3/2012,445162.05,0,60.71,3.669,224.5620291,6.833
3,16-03-2012,411775.8,0,64,3.734,224.7166953,6.833
3,23-03-2012,413907.25,0,66.53,3.787,224.7909104,6.833
3,30-03-2012,407488.84,0,69.36,3.845,224.8651254,6.833
3,6/4/2012,503232.13,0,73.01,3.891,224.9393405,6.664
3,13-04-2012,420789.74,0,72.83,3.891,225.0135556,6.664
3,20-04-2012,434822.13,0,72.05,3.877,225.0689541,6.664
3,27-04-2012,394616.11,0,73.39,3.814,225.1243526,6.664
3,4/5/2012,439913.57,0,79.51,3.749,225.1797511,6.664
3,11/5/2012,431985.36,0,75.19,3.688,225.2351496,6.664
3,18-05-2012,418112.76,0,72.38,3.63,225.2512024,6.664
3,25-05-2012,413701.29,0,78.58,3.561,225.2515168,6.664
3,1/6/2012,432268.53,0,81.55,3.501,225.2518313,6.664
3,8/6/2012,446336.8,0,81.65,3.452,225.2521458,6.664
3,15-06-2012,442074.79,0,84.66,3.393,225.2644795,6.664
3,22-06-2012,419497.95,0,82.7,3.346,225.3068615,6.664
3,29-06-2012,422965.33,0,86.42,3.286,225.3492435,6.664
3,6/7/2012,411206.5,0,83.14,3.227,225.3916254,6.334
3,13-07-2012,416913.1,0,82.28,3.256,225.4340074,6.334
3,20-07-2012,432424.85,0,81.38,3.311,225.4438827,6.334
3,27-07-2012,389427.9,0,84.94,3.407,225.4537579,6.334
3,3/8/2012,419990.29,0,86.55,3.417,225.4636332,6.334
3,10/8/2012,391811.6,0,85.85,3.494,225.4735085,6.334
3,17-08-2012,394918.83,0,87.36,3.571,225.5558664,6.334
3,24-08-2012,412449.67,0,83.01,3.62,225.6925864,6.334
3,31-08-2012,408838.73,0,85.18,3.638,225.8293063,6.334
3,7/9/2012,408229.73,1,84.99,3.73,225.9660263,6.334
3,14-09-2012,407589.16,0,78.36,3.717,226.1122067,6.334
3,21-09-2012,414392.09,0,72.78,3.721,226.3151496,6.334
3,28-09-2012,389813.02,0,77.46,3.666,226.5180926,6.334
3,5/10/2012,443557.65,0,72.74,3.617,226.7210356,6.034
3,12/10/2012,410804.39,0,70.31,3.601,226.9239785,6.034
3,19-10-2012,424513.08,0,73.44,3.594,226.9688442,6.034
3,26-10-2012,405432.7,0,74.66,3.506,226.9873637,6.034
4,5/2/2010,2135143.87,0,43.76,2.598,126.4420645,8.623
4,12/2/2010,2188307.39,1,28.84,2.573,126.4962581,8.623
4,19-02-2010,2049860.26,0,36.45,2.54,126.5262857,8.623
4,26-02-2010,1925728.84,0,41.36,2.59,126.5522857,8.623
4,5/3/2010,1971057.44,0,43.49,2.654,126.5782857,8.623
4,12/3/2010,1894324.09,0,49.63,2.704,126.6042857,8.623
4,19-03-2010,1897429.36,0,55.19,2.743,126.6066452,8.623
4,26-03-2010,1762539.3,0,39.91,2.752,126.6050645,8.623
4,2/4/2010,1979247.12,0,48.77,2.74,126.6034839,7.896
4,9/4/2010,1818452.72,0,54.16,2.773,126.6019032,7.896
4,16-04-2010,1851519.69,0,56.23,2.81,126.5621,7.896
4,23-04-2010,1802677.9,0,56.87,2.805,126.4713333,7.896
4,30-04-2010,1817273.28,0,53.04,2.787,126.3805667,7.896
4,7/5/2010,2000626.14,0,56.77,2.836,126.2898,7.896
4,14-05-2010,1875597.28,0,62.35,2.845,126.2085484,7.896
4,21-05-2010,1903752.6,0,67.4,2.82,126.1843871,7.896
4,28-05-2010,1857533.7,0,67.73,2.756,126.1602258,7.896
4,4/6/2010,1903290.58,0,70.83,2.701,126.1360645,7.896
4,11/6/2010,1870619.23,0,78.45,2.668,126.1119032,7.896
4,18-06-2010,1929736.35,0,81.53,2.635,126.114,7.896
4,25-06-2010,1846651.95,0,81.1,2.654,126.1266,7.896
4,2/7/2010,1881337.21,0,73.66,2.668,126.1392,7.372
4,9/7/2010,1812208.22,0,80.35,2.637,126.1518,7.372
4,16-07-2010,1898427.66,0,78.53,2.621,126.1498065,7.372
4,23-07-2010,1848426.78,0,79.78,2.612,126.1283548,7.372
4,30-07-2010,1796637.61,0,80.7,2.65,126.1069032,7.372
4,6/8/2010,1907638.58,0,76.53,2.64,126.0854516,7.372
4,13-08-2010,2007050.75,0,78.08,2.698,126.064,7.372
4,20-08-2010,1997181.09,0,78.83,2.671,126.0766452,7.372
4,27-08-2010,1848403.92,0,74.44,2.621,126.0892903,7.372
4,3/9/2010,1935857.58,0,76.8,2.584,126.1019355,7.372
4,10/9/2010,1865820.81,1,73.54,2.574,126.1145806,7.372
4,17-09-2010,1899959.61,0,64.91,2.594,126.1454667,7.372
4,24-09-2010,1810684.68,0,60.96,2.642,126.1900333,7.372
4,1/10/2010,1842821.02,0,63.96,2.619,126.2346,7.127
4,8/10/2010,1951494.85,0,67.73,2.645,126.2791667,7.127
4,15-10-2010,1867345.09,0,62.03,2.732,126.3266774,7.127
4,22-10-2010,1927610.06,0,64.17,2.736,126.3815484,7.127
4,29-10-2010,1933333,0,56.94,2.718,126.4364194,7.127
4,5/11/2010,2013115.79,0,51.6,2.699,126.4912903,7.127
4,12/11/2010,1999794.26,0,52.65,2.741,126.5461613,7.127
4,19-11-2010,2097809.4,0,48.05,2.78,126.6072,7.127
4,26-11-2010,2789469.45,1,48.08,2.752,126.6692667,7.127
4,3/12/2010,2102530.17,0,46.4,2.727,126.7313333,7.127
4,10/12/2010,2302504.86,0,42.4,2.86,126.7934,7.127
4,17-12-2010,2740057.14,0,46.57,2.884,126.8794839,7.127
4,24-12-2010,3526713.39,0,43.21,2.887,126.9835806,7.127
4,31-12-2010,1794868.74,1,38.09,2.955,127.0876774,7.127
4,7/1/2011,1862476.27,0,39.34,2.98,127.1917742,6.51
4,14-01-2011,1865502.46,0,31.6,2.992,127.3009355,6.51
4,21-01-2011,1886393.94,0,38.34,3.017,127.4404839,6.51
4,28-01-2011,1814240.85,0,40.6,3.022,127.5800323,6.51
4,4/2/2011,2119086.04,0,34.61,2.996,127.7195806,6.51
4,11/2/2011,2187847.29,1,33.29,3.033,127.859129,6.51
4,18-02-2011,2316495.56,0,48.17,3.058,127.99525,6.51
4,25-02-2011,2078094.69,0,49,3.087,128.13,6.51
4,4/3/2011,2103455.75,0,46.56,3.305,128.26475,6.51
4,11/3/2011,2039818.41,0,50.93,3.461,128.3995,6.51
4,18-03-2011,2116475.38,0,51.86,3.495,128.5121935,6.51
4,25-03-2011,1944164.32,0,59.1,3.48,128.6160645,6.51
4,1/4/2011,1900246.47,0,56.99,3.521,128.7199355,5.946
4,8/4/2011,2074953.46,0,62.61,3.605,128.8238065,5.946
4,15-04-2011,1960587.76,0,62.34,3.724,128.9107333,5.946
4,22-04-2011,2220600.76,0,68.8,3.781,128.9553,5.946
4,29-04-2011,1878167.44,0,64.22,3.781,128.9998667,5.946
4,6/5/2011,2063682.76,0,63.41,3.866,129.0444333,5.946
4,13-05-2011,2002362.37,0,70.65,3.872,129.089,5.946
4,20-05-2011,2015563.48,0,70.49,3.881,129.0756774,5.946
4,27-05-2011,1986597.95,0,73.65,3.771,129.0623548,5.946
4,3/6/2011,2065377.15,0,78.26,3.683,129.0490323,5.946
4,10/6/2011,2073951.38,0,80.05,3.64,129.0357097,5.946
4,17-06-2011,2141210.62,0,83.51,3.618,129.0432,5.946
4,24-06-2011,2008344.92,0,81.85,3.57,129.0663,5.946
4,1/7/2011,2051533.53,0,84.54,3.504,129.0894,5.644
4,8/7/2011,2066541.86,0,84.59,3.469,129.1125,5.644
4,15-07-2011,2049046.95,0,83.27,3.563,129.1338387,5.644
4,22-07-2011,2036231.39,0,82.84,3.627,129.1507742,5.644
4,29-07-2011,1989674.07,0,84.36,3.659,129.1677097,5.644
4,5/8/2011,2160057.39,0,86.09,3.662,129.1846452,5.644
4,12/8/2011,2105668.74,0,82.98,3.617,129.2015806,5.644
4,19-08-2011,2232892.1,0,82.77,3.55,129.2405806,5.644
4,26-08-2011,1988490.21,0,81.47,3.523,129.2832581,5.644
4,2/9/2011,2078420.31,0,77.99,3.533,129.3259355,5.644
4,9/9/2011,2093139.01,1,73.34,3.554,129.3686129,5.644
4,16-09-2011,2075577.33,0,72.76,3.532,129.4306,5.644
4,23-09-2011,2031406.41,0,69.23,3.473,129.5183333,5.644
4,30-09-2011,1929486.63,0,72.15,3.371,129.6060667,5.644
4,7/10/2011,2166737.65,0,65.79,3.299,129.6938,5.143
4,14-10-2011,2074548.85,0,63.75,3.283,129.7706452,5.143
4,21-10-2011,2207742.13,0,64.79,3.361,129.7821613,5.143
4,28-10-2011,2151659.59,0,55.31,3.362,129.7936774,5.143
4,4/11/2011,2281217.31,0,49.86,3.322,129.8051935,5.143
4,11/11/2011,2203028.96,0,47.12,3.286,129.8167097,5.143
4,18-11-2011,2243946.59,0,50.44,3.294,129.8268333,5.143
4,25-11-2011,3004702.33,1,47.96,3.225,129.8364,5.143
4,2/12/2011,2180999.26,0,38.71,3.176,129.8459667,5.143
4,9/12/2011,2508955.24,0,31.64,3.153,129.8555333,5.143
4,16-12-2011,2771397.17,0,36.44,3.149,129.8980645,5.143
4,23-12-2011,3676388.98,0,35.92,3.103,129.9845484,5.143
4,30-12-2011,2007105.86,1,36.89,3.119,130.0710323,5.143
4,6/1/2012,2047766.07,0,38.64,3.158,130.1575161,4.607
4,13-01-2012,1941676.61,0,34.41,3.263,130.244,4.607
4,20-01-2012,2005097.76,0,42.09,3.273,130.2792258,4.607
4,27-01-2012,1928720.51,0,40.31,3.29,130.3144516,4.607
4,3/2/2012,2173373.91,0,41.81,3.354,130.3496774,4.607
4,10/2/2012,2374660.64,1,33,3.411,130.3849032,4.607
4,17-02-2012,2427640.17,0,34.19,3.493,130.4546207,4.607
4,24-02-2012,2226662.17,0,41.31,3.541,130.5502069,4.607
4,2/3/2012,2206319.9,0,50.38,3.619,130.6457931,4.607
4,9/3/2012,2202450.81,0,53.63,3.667,130.7413793,4.607
4,16-03-2012,2214967.44,0,59.81,3.707,130.8261935,4.607
4,23-03-2012,2091592.54,0,59.07,3.759,130.8966452,4.607
4,30-03-2012,2089381.77,0,72.63,3.82,130.9670968,4.607
4,6/4/2012,2470206.13,0,67.69,3.864,131.0375484,4.308
4,13-04-2012,2105301.39,0,68.69,3.881,131.108,4.308
4,20-04-2012,2144336.89,0,68.6,3.864,131.1173333,4.308
4,27-04-2012,2064065.66,0,76.47,3.81,131.1266667,4.308
4,4/5/2012,2196968.33,0,80.14,3.747,131.136,4.308
4,11/5/2012,2127661.17,0,67.64,3.685,131.1453333,4.308
4,18-05-2012,2207214.81,0,68.43,3.62,131.0983226,4.308
4,25-05-2012,2154137.67,0,77.47,3.551,131.0287742,4.308
4,1/6/2012,2179360.94,0,77.41,3.483,130.9592258,4.308
4,8/6/2012,2245257.18,0,78.11,3.433,130.8896774,4.308
4,15-06-2012,2234190.93,0,80.94,3.372,130.8295333,4.308
4,22-06-2012,2197299.65,0,81.63,3.329,130.7929,4.308
4,29-06-2012,2128362.92,0,84.23,3.257,130.7562667,4.308
4,6/7/2012,2224499.28,0,80.37,3.187,130.7196333,4.077
4,13-07-2012,2100252.61,0,76.86,3.224,130.683,4.077
4,20-07-2012,2175563.69,0,79.14,3.263,130.7012903,4.077
4,27-07-2012,2048613.65,0,81.06,3.356,130.7195806,4.077
4,3/8/2012,2174514.13,0,83.86,3.374,130.737871,4.077
4,10/8/2012,2193367.69,0,83.21,3.476,130.7561613,4.077
4,17-08-2012,2283540.3,0,81.41,3.552,130.7909677,4.077
4,24-08-2012,2125241.68,0,75.76,3.61,130.8381613,4.077
4,31-08-2012,2081181.35,0,76.47,3.646,130.8853548,4.077
4,7/9/2012,2125104.72,1,82.09,3.709,130.9325484,4.077
4,14-09-2012,2117854.6,0,68.2,3.706,130.9776667,4.077
4,21-09-2012,2119438.53,0,68.97,3.721,131.0103333,4.077
4,28-09-2012,2027620.23,0,71.74,3.666,131.043,4.077
4,5/10/2012,2209835.43,0,63.07,3.62,131.0756667,3.879
4,12/10/2012,2133026.07,0,57.11,3.603,131.1083333,3.879
4,19-10-2012,2097266.85,0,64.46,3.61,131.1499677,3.879
4,26-10-2012,2149594.46,0,63.64,3.514,131.1930968,3.879
5,5/2/2010,317173.1,0,39.7,2.572,211.6539716,6.566
5,12/2/2010,311825.7,1,39.81,2.548,211.8004698,6.566
5,19-02-2010,303447.57,0,41.14,2.514,211.8471283,6.566
5,26-02-2010,270281.63,0,46.7,2.561,211.8771468,6.566
5,5/3/2010,288855.71,0,48.89,2.625,211.9071653,6.566
5,12/3/2010,297293.59,0,58.5,2.667,211.9371839,6.566
5,19-03-2010,281706.41,0,55.46,2.72,211.770897,6.566
5,26-03-2010,273282.97,0,52.47,2.732,211.5718925,6.566
5,2/4/2010,331406,0,63.18,2.719,211.372888,6.465
5,9/4/2010,328020.49,0,65.19,2.77,211.1738835,6.465
5,16-04-2010,306858.69,0,65.3,2.808,211.0388528,6.465
5,23-04-2010,288839.73,0,65.13,2.795,210.9891204,6.465
5,30-04-2010,298697.84,0,67.53,2.78,210.939388,6.465
5,7/5/2010,333522.6,0,71.53,2.835,210.8896556,6.465
5,14-05-2010,296673.77,0,74.79,2.854,210.8872772,6.465
5,21-05-2010,301615.49,0,75.2,2.826,211.169023,6.465
5,28-05-2010,310013.11,0,79.81,2.759,211.4507688,6.465
5,4/6/2010,337825.89,0,79.54,2.705,211.7325146,6.465
5,11/6/2010,296641.91,0,80.7,2.668,212.0142605,6.465
5,18-06-2010,313795.6,0,83.91,2.637,212.0119769,6.465
5,25-06-2010,295257.3,0,83.72,2.653,211.8960815,6.465
5,2/7/2010,305993.27,0,81.25,2.669,211.7801861,6.496
5,9/7/2010,291808.87,0,81.14,2.642,211.6642907,6.496
5,16-07-2010,280701.7,0,83.98,2.623,211.6561123,6.496
5,23-07-2010,274742.63,0,83.66,2.608,211.7915565,6.496
5,30-07-2010,268929.03,0,82.46,2.64,211.9270006,6.496
5,6/8/2010,303043.02,0,86.1,2.627,212.0624447,6.496
5,13-08-2010,286477.35,0,87.41,2.692,212.1978889,6.496
5,20-08-2010,287205.38,0,87.71,2.664,212.1608984,6.496
5,27-08-2010,288519.75,0,87.05,2.619,212.123908,6.496
5,3/9/2010,323798,0,84.06,2.577,212.0869176,6.496
5,10/9/2010,306533.08,1,79.86,2.565,212.0499271,6.496
5,17-09-2010,282558.65,0,82.28,2.582,212.0769346,6.496
5,24-09-2010,293131.58,0,78.53,2.624,212.1519404,6.496
5,1/10/2010,283178.12,0,71.1,2.603,212.2269463,6.768
5,8/10/2010,290494.85,0,64.99,2.633,212.3019522,6.768
5,15-10-2010,280681.2,0,68.11,2.72,212.3691867,6.768
5,22-10-2010,284988.27,0,70.96,2.725,212.4169928,6.768
5,29-10-2010,278031.81,0,70.58,2.716,212.464799,6.768
5,5/11/2010,325310.3,0,58.88,2.689,212.5126051,6.768
5,12/11/2010,301827.36,0,62.37,2.728,212.5604113,6.768
5,19-11-2010,297384.81,0,52.52,2.771,212.445487,6.768
5,26-11-2010,488362.61,1,66.15,2.735,212.303441,6.768
5,3/12/2010,344490.88,0,51.31,2.708,212.1613951,6.768
5,10/12/2010,352811.53,0,48.27,2.843,212.0193491,6.768
5,17-12-2010,367801.19,0,51.61,2.869,211.9580815,6.768
5,24-12-2010,466010.25,0,55.01,2.886,211.9573978,6.768
5,31-12-2010,298180.18,1,49.79,2.943,211.9567142,6.768
5,7/1/2011,286347.26,0,48.3,2.976,211.9560305,6.634
5,14-01-2011,260636.71,0,37.74,2.983,212.008514,6.634
5,21-01-2011,275313.34,0,45.41,3.016,212.3800012,6.634
5,28-01-2011,279088.39,0,44.5,3.01,212.7514884,6.634
5,4/2/2011,329613.2,0,41.67,2.989,213.1229755,6.634
5,11/2/2011,311590.54,1,38.25,3.022,213.4944627,6.634
5,18-02-2011,356622.61,0,58.83,3.045,213.8068304,6.634
5,25-02-2011,294659.5,0,63.35,3.065,214.0955503,6.634
5,4/3/2011,329033.66,0,60.35,3.288,214.3842702,6.634
5,11/3/2011,293098.1,0,55.74,3.459,214.6729901,6.634
5,18-03-2011,312177.67,0,64.31,3.488,214.9257339,6.634
5,25-03-2011,294732.5,0,70.71,3.473,215.1640872,6.634
5,1/4/2011,314316.55,0,61.5,3.524,215.4024406,6.489
5,8/4/2011,307333.62,0,69.64,3.622,215.6407939,6.489
5,15-04-2011,307913.58,0,72.02,3.743,215.8592673,6.489
5,22-04-2011,328415.44,0,74.34,3.807,216.0280407,6.489
5,29-04-2011,307291.56,0,74.75,3.81,216.1968142,6.489
5,6/5/2011,322904.68,0,66.27,3.906,216.3655877,6.489
5,13-05-2011,290930.01,0,77.38,3.899,216.5343611,6.489
5,20-05-2011,299614.33,0,71.37,3.907,216.3023847,6.489
5,27-05-2011,297149.69,0,80.14,3.786,216.0704083,6.489
5,3/6/2011,329183.92,0,83.81,3.699,215.8384319,6.489
5,10/6/2011,304984.14,0,83.61,3.648,215.6064555,6.489
5,17-06-2011,304811.82,0,86.84,3.637,215.560463,6.489
5,24-06-2011,302881.64,0,84.76,3.594,215.6539583,6.489
5,1/7/2011,327093.89,0,85.81,3.524,215.7474537,6.529
5,8/7/2011,310804.93,0,86.64,3.48,215.8409491,6.529
5,15-07-2011,283248.62,0,88.64,3.575,215.9250696,6.529
5,22-07-2011,292539.73,0,86.97,3.651,215.985753,6.529
5,29-07-2011,275142.17,0,89.42,3.682,216.0464364,6.529
5,5/8/2011,317738.56,0,91.07,3.684,216.1071198,6.529
5,12/8/2011,289886.16,0,90.16,3.638,216.1678032,6.529
5,19-08-2011,303643.84,0,89.35,3.554,216.2311855,6.529
5,26-08-2011,310338.17,0,89.18,3.523,216.2950176,6.529
5,2/9/2011,315645.53,0,90.38,3.533,216.3588498,6.529
5,9/9/2011,321110.22,1,79.04,3.546,216.4226819,6.529
5,16-09-2011,278529.71,0,83.55,3.526,216.6033083,6.529
5,23-09-2011,291024.98,0,78.01,3.467,216.9396605,6.529
5,30-09-2011,292315.38,0,81.16,3.355,217.2760127,6.529
5,7/10/2011,309111.47,0,71.64,3.285,217.6123648,6.3
5,14-10-2011,286117.72,0,72.36,3.274,217.9237458,6.3
5,21-10-2011,306069.18,0,66.9,3.353,218.0852999,6.3
5,28-10-2011,307035.11,0,69.27,3.372,218.2468539,6.3
5,4/11/2011,353652.23,0,56.71,3.332,218.408408,6.3
5,11/11/2011,311906.7,0,60.71,3.297,218.5699621,6.3
5,18-11-2011,307944.37,0,64.33,3.308,218.793912,6.3
5,25-11-2011,507900.07,1,61.93,3.236,219.0428204,6.3
5,2/12/2011,376225.61,0,51.14,3.172,219.2917287,6.3
5,9/12/2011,367433.77,0,44.12,3.158,219.540637,6.3
5,16-12-2011,379530.3,0,54.42,3.159,219.7596266,6.3
5,23-12-2011,458562.24,0,50.33,3.112,219.9387246,6.3
5,30-12-2011,349624.88,1,45.62,3.129,220.1178226,6.3
5,6/1/2012,312078.71,0,50.21,3.157,220.2969205,5.943
5,13-01-2012,291454.52,0,48.86,3.261,220.4760185,5.943
5,20-01-2012,287523.98,0,54.65,3.268,220.5694104,5.943
5,27-01-2012,295974.22,0,54.63,3.29,220.6628023,5.943
5,3/2/2012,333948,0,57.35,3.36,220.7561941,5.943
5,10/2/2012,349239.88,1,48.57,3.409,220.849586,5.943
5,17-02-2012,356427.98,0,48.25,3.51,221.0106341,5.943
5,24-02-2012,312220.47,0,57.75,3.555,221.2224243,5.943
5,2/3/2012,359206.21,0,60.66,3.63,221.4342146,5.943
5,9/3/2012,347295.6,0,57.69,3.669,221.6460048,5.943
5,16-03-2012,339392.54,0,63.55,3.734,221.7989713,5.943
5,23-03-2012,321299.99,0,64.44,3.787,221.8735063,5.943
5,30-03-2012,331318.73,0,67.76,3.845,221.9480412,5.943
5,6/4/2012,402985.7,0,70.4,3.891,222.0225762,5.801
5,13-04-2012,351832.03,0,70.56,3.891,222.0971111,5.801
5,20-04-2012,330063.06,0,67.33,3.877,222.1512315,5.801
5,27-04-2012,324839.74,0,68.96,3.814,222.2053519,5.801
5,4/5/2012,360932.69,0,77.1,3.749,222.2594722,5.801
5,11/5/2012,333870.52,0,73.45,3.688,222.3135926,5.801
5,18-05-2012,336189.66,0,70.45,3.63,222.330443,5.801
5,25-05-2012,341994.48,0,78.23,3.561,222.3323853,5.801
5,1/6/2012,359867.8,0,79.72,3.501,222.3343277,5.801
5,8/6/2012,341704.59,0,81.02,3.452,222.33627,5.801
5,15-06-2012,327383.64,0,81.64,3.393,222.3492901,5.801
5,22-06-2012,325041.68,0,80.57,3.346,222.3900046,5.801
5,29-06-2012,329658.1,0,87.08,3.286,222.4307191,5.801
5,6/7/2012,341214.43,0,82.35,3.227,222.4714336,5.603
5,13-07-2012,316203.64,0,80.78,3.256,222.5121481,5.603
5,20-07-2012,321205.12,0,81.05,3.311,222.5209358,5.603
5,27-07-2012,306827.36,0,85.06,3.407,222.5297234,5.603
5,3/8/2012,324195.17,0,86.91,3.417,222.5385111,5.603
5,10/8/2012,306759.7,0,86.96,3.494,222.5472987,5.603
5,17-08-2012,314014.18,0,87.52,3.571,222.6276753,5.603
5,24-08-2012,320831.36,0,79.45,3.62,222.7617437,5.603
5,31-08-2012,344642.01,0,84.25,3.638,222.8958121,5.603
5,7/9/2012,350648.91,1,86.3,3.73,223.0298805,5.603
5,14-09-2012,299800.67,0,76.65,3.717,223.1734167,5.603
5,21-09-2012,307306.76,0,71.09,3.721,223.3737593,5.603
5,28-09-2012,310141.68,0,78.33,3.666,223.5741019,5.603
5,5/10/2012,343048.29,0,71.17,3.617,223.7744444,5.422
5,12/10/2012,325345.41,0,66.24,3.601,223.974787,5.422
5,19-10-2012,313358.15,0,69.17,3.594,224.0192873,5.422
5,26-10-2012,319550.77,0,71.7,3.506,224.0378139,5.422
6,5/2/2010,1652635.1,0,40.43,2.572,212.6223518,7.259
6,12/2/2010,1606283.86,1,40.57,2.548,212.7700425,7.259
6,19-02-2010,1567138.07,0,43.58,2.514,212.8161546,7.259
6,26-02-2010,1432953.21,0,47.1,2.561,212.845337,7.259
6,5/3/2010,1601348.82,0,49.63,2.625,212.8745193,7.259
6,12/3/2010,1558621.36,0,58.82,2.667,212.9037017,7.259
6,19-03-2010,1693058.91,0,56.55,2.72,212.7351935,7.259
6,26-03-2010,1472033.38,0,53.74,2.732,212.533737,7.259
6,2/4/2010,1770333.9,0,64.94,2.719,212.3322805,7.092
6,9/4/2010,1667181.82,0,66.15,2.77,212.1308239,7.092
6,16-04-2010,1519846.36,0,65.68,2.808,211.9942765,7.092
6,23-04-2010,1540435.99,0,64.11,2.795,211.9442745,7.092
6,30-04-2010,1498080.16,0,68.91,2.78,211.8942725,7.092
6,7/5/2010,1619920.04,0,73.68,2.835,211.8442706,7.092
6,14-05-2010,1524059.4,0,74.95,2.854,211.8421769,7.092
6,21-05-2010,1531938.44,0,74.8,2.826,212.1275324,7.092
6,28-05-2010,1644470.66,0,78.89,2.759,212.412888,7.092
6,4/6/2010,1857380.09,0,79.44,2.705,212.6982436,7.092
6,11/6/2010,1685652.35,0,81.81,2.668,212.9835992,7.092
6,18-06-2010,1677248.24,0,83.89,2.637,212.9813843,7.092
6,25-06-2010,1640681.88,0,84.2,2.653,212.8641412,7.092
6,2/7/2010,1759777.25,0,80.34,2.669,212.746898,6.973
6,9/7/2010,1690317.99,0,80.93,2.642,212.6296549,6.973
6,16-07-2010,1560120.8,0,83.75,2.623,212.6212163,6.973
6,23-07-2010,1585240.92,0,83.9,2.608,212.7578505,6.973
6,30-07-2010,1532308.78,0,81.37,2.64,212.8944846,6.973
6,6/8/2010,1633241.59,0,86.61,2.627,213.0311188,6.973
6,13-08-2010,1547654.98,0,86.83,2.692,213.1677529,6.973
6,20-08-2010,1539930.5,0,87.36,2.664,213.1291427,6.973
6,27-08-2010,1450766.12,0,85.71,2.619,213.0905324,6.973
6,3/9/2010,1510925.32,0,82.15,2.577,213.0519222,6.973
6,10/9/2010,1424225.44,1,78.78,2.565,213.013312,6.973
6,17-09-2010,1308537.75,0,81.78,2.582,213.0398643,6.973
6,24-09-2010,1275591.84,0,76.49,2.624,213.1152886,6.973
6,1/10/2010,1328468.89,0,70.69,2.603,213.1907129,7.007
6,8/10/2010,1360317.9,0,65.21,2.633,213.2661373,7.007
6,15-10-2010,1344580.92,0,68.93,2.72,213.3337977,7.007
6,22-10-2010,1332716.53,0,70.97,2.725,213.3820486,7.007
6,29-10-2010,1385323.7,0,70.39,2.716,213.4302994,7.007
6,5/11/2010,1505442.15,0,59.9,2.689,213.4785503,7.007
6,12/11/2010,1495536.46,0,62.11,2.728,213.5268011,7.007
6,19-11-2010,1518841.45,0,52.99,2.771,213.4107412,7.007
6,26-11-2010,2267452.4,1,65.79,2.735,213.2672961,7.007
6,3/12/2010,1677067.24,0,52.3,2.708,213.123851,7.007
6,10/12/2010,1834737.58,0,48.46,2.843,212.9804059,7.007
6,17-12-2010,2090268.95,0,52.24,2.869,212.918049,7.007
6,24-12-2010,2727575.18,0,55.07,2.886,212.9165082,7.007
6,31-12-2010,1464050.02,1,49.14,2.943,212.9149674,7.007
6,7/1/2011,1350441.68,0,47.78,2.976,212.9134266,6.858
6,14-01-2011,1306194.55,0,38.37,2.983,212.9655882,6.858
6,21-01-2011,1261253.18,0,46.2,3.016,213.3399647,6.858
6,28-01-2011,1287034.7,0,44.98,3.01,213.7143412,6.858
6,4/2/2011,1514999.17,0,40.59,2.989,214.0887176,6.858
6,11/2/2011,1486920.17,1,39.38,3.022,214.4630941,6.858
6,18-02-2011,1572117.54,0,59.61,3.045,214.7775231,6.858
6,25-02-2011,1422600.43,0,62.86,3.065,215.0679731,6.858
6,4/3/2011,1502617.99,0,60.45,3.288,215.3584231,6.858
6,11/3/2011,1494497.39,0,57.71,3.459,215.6488731,6.858
6,18-03-2011,1685375.47,0,65.07,3.488,215.9035078,6.858
6,25-03-2011,1438465.81,0,70.83,3.473,216.1438163,6.858
6,1/4/2011,1459276.77,0,62.25,3.524,216.3841249,6.855
6,8/4/2011,1534594,0,70.35,3.622,216.6244334,6.855
6,15-04-2011,1448797.02,0,73.17,3.743,216.8446627,6.855
6,22-04-2011,1639358.93,0,74.24,3.807,217.0146941,6.855
6,29-04-2011,1479249.9,0,75.27,3.81,217.1847255,6.855
6,6/5/2011,1504651.57,0,65.42,3.906,217.3547569,6.855
6,13-05-2011,1453185.65,0,76.95,3.899,217.5247882,6.855
6,20-05-2011,1382783.83,0,72.01,3.907,217.2896095,6.855
6,27-05-2011,1523979.11,0,80.83,3.786,217.0544307,6.855
6,3/6/2011,1705506.29,0,84.01,3.699,216.819252,6.855
6,10/6/2011,1598643.65,0,84.49,3.648,216.5840732,6.855
6,17-06-2011,1622150.33,0,87.08,3.637,216.5371616,6.855
6,24-06-2011,1543365.9,0,85.51,3.594,216.6314502,6.855
6,1/7/2011,1694551.15,0,87,3.524,216.7257388,6.925
6,8/7/2011,1709373.62,0,88.36,3.48,216.8200275,6.925
6,15-07-2011,1526801.24,0,88.93,3.575,216.9044732,6.925
6,22-07-2011,1526506.08,0,88.06,3.651,216.964312,6.925
6,29-07-2011,1483991.05,0,90.22,3.682,217.0241507,6.925
6,5/8/2011,1601584.57,0,91.46,3.684,217.0839894,6.925
6,12/8/2011,1484995.38,0,90.49,3.638,217.1438281,6.925
6,19-08-2011,1493544.04,0,89.26,3.554,217.2069662,6.925
6,26-08-2011,1420405.41,0,90.07,3.523,217.2706543,6.925
6,2/9/2011,1481618.74,0,91.22,3.533,217.3343423,6.925
6,9/9/2011,1483574.38,1,80.21,3.546,217.3980304,6.925
6,16-09-2011,1351407.79,0,84.94,3.526,217.5797506,6.925
6,23-09-2011,1336044.75,0,78.49,3.467,217.9188471,6.925
6,30-09-2011,1307551.92,0,82.51,3.355,218.2579435,6.925
6,7/10/2011,1481739.2,0,74.1,3.285,218.59704,6.551
6,14-10-2011,1386520.99,0,71.24,3.274,218.9109844,6.551
6,21-10-2011,1417922.37,0,68.53,3.353,219.0740167,6.551
6,28-10-2011,1419445.12,0,69.51,3.372,219.237049,6.551
6,4/11/2011,1523420.38,0,58.54,3.332,219.4000812,6.551
6,11/11/2011,1536176.54,0,61.33,3.297,219.5631135,6.551
6,18-11-2011,1524390.07,0,63.89,3.308,219.7897137,6.551
6,25-11-2011,2249811.55,1,62.78,3.236,220.0417412,6.551
6,2/12/2011,1688531.34,0,51.18,3.172,220.2937686,6.551
6,9/12/2011,1903385.14,0,43.64,3.158,220.5457961,6.551
6,16-12-2011,2034695.56,0,53.27,3.159,220.7671856,6.551
6,23-12-2011,2644633.02,0,49.45,3.112,220.9477245,6.551
6,30-12-2011,1598080.52,1,46.8,3.129,221.1282634,6.551
6,6/1/2012,1395339.71,0,50.82,3.157,221.3088023,6.132
6,13-01-2012,1344243.17,0,48.33,3.261,221.4893412,6.132
6,20-01-2012,1326255.7,0,55.37,3.268,221.5831306,6.132
6,27-01-2012,1315610.66,0,53.95,3.29,221.6769199,6.132
6,3/2/2012,1496305.78,0,57.45,3.36,221.7707093,6.132
6,10/2/2012,1620603.92,1,48.58,3.409,221.8644987,6.132
6,17-02-2012,1632616.09,0,49.03,3.51,222.026359,6.132
6,24-02-2012,1465187.71,0,59.17,3.555,222.2392726,6.132
6,2/3/2012,1550385.65,0,60.32,3.63,222.4521862,6.132
6,9/3/2012,1569304.4,0,57.89,3.669,222.6650998,6.132
6,16-03-2012,1748010.29,0,62.8,3.734,222.8186603,6.132
6,23-03-2012,1495143.62,0,63.71,3.787,222.8930835,6.132
6,30-03-2012,1508933.26,0,67.91,3.845,222.9675066,6.132
6,6/4/2012,1840131.19,0,71.6,3.891,223.0419298,5.964
6,13-04-2012,1616394.45,0,71.29,3.891,223.1163529,5.964
6,20-04-2012,1456073.24,0,68.64,3.877,223.17092,5.964
6,27-04-2012,1456221.1,0,71.5,3.814,223.2254871,5.964
6,4/5/2012,1543461.12,0,77.66,3.749,223.2800541,5.964
6,11/5/2012,1517075.67,0,72.66,3.688,223.3346212,5.964
6,18-05-2012,1513635.64,0,70.5,3.63,223.3511928,5.964
6,25-05-2012,1603793.42,0,78.47,3.561,223.3525662,5.964
6,1/6/2012,1681121.38,0,80.39,3.501,223.3539397,5.964
6,8/6/2012,1696619.52,0,80.5,3.452,223.3553131,5.964
6,15-06-2012,1642247.48,0,82.1,3.393,223.3680933,5.964
6,22-06-2012,1618272.25,0,81.2,3.346,223.4093906,5.964
6,29-06-2012,1648863.46,0,87.35,3.286,223.4506878,5.964
6,6/7/2012,1876359.39,0,82.95,3.227,223.4919851,5.668
6,13-07-2012,1588142.26,0,80.27,3.256,223.5332824,5.668
6,20-07-2012,1574361.97,0,81.57,3.311,223.5424501,5.668
6,27-07-2012,1513229.16,0,85.78,3.407,223.5516178,5.668
6,3/8/2012,1627274.93,0,87.55,3.417,223.5607856,5.668
6,10/8/2012,1588380.73,0,87.04,3.494,223.5699533,5.668
6,17-08-2012,1543049.52,0,87.53,3.571,223.6510224,5.668
6,24-08-2012,1501095.49,0,79.03,3.62,223.7860175,5.668
6,31-08-2012,1577439.81,0,83.58,3.638,223.9210125,5.668
6,7/9/2012,1608077.01,1,86.33,3.73,224.0560076,5.668
6,14-09-2012,1375166.86,0,76.41,3.717,224.2004678,5.668
6,21-09-2012,1425603.65,0,70.81,3.721,224.4017192,5.668
6,28-09-2012,1369131.46,0,77.82,3.666,224.6029706,5.668
6,5/10/2012,1518177.71,0,70.84,3.617,224.804222,5.329
6,12/10/2012,1459396.84,0,65.43,3.601,225.0054733,5.329
6,19-10-2012,1436883.99,0,69.68,3.594,225.0501013,5.329
6,26-10-2012,1431426.34,0,72.34,3.506,225.0686254,5.329
7,5/2/2010,496725.44,0,10.53,2.58,189.3816974,9.014
7,12/2/2010,524104.92,1,25.9,2.572,189.4642725,9.014
7,19-02-2010,506760.54,0,27.28,2.55,189.5340998,9.014
7,26-02-2010,496083.24,0,24.91,2.586,189.6018023,9.014
7,5/3/2010,491419.55,0,35.86,2.62,189.6695049,9.014
7,12/3/2010,480452.1,0,27.25,2.684,189.7372075,9.014
7,19-03-2010,574450.23,0,29.04,2.692,189.734262,9.014
7,26-03-2010,514731.6,0,23.33,2.717,189.7195417,9.014
7,2/4/2010,561145.14,0,38.26,2.725,189.7048215,8.963
7,9/4/2010,484263.25,0,33.79,2.75,189.6901012,8.963
7,16-04-2010,406228.19,0,41.89,2.765,189.6628845,8.963
7,23-04-2010,404751.25,0,43.07,2.776,189.6190057,8.963
7,30-04-2010,373655.61,0,38.99,2.766,189.575127,8.963
7,7/5/2010,395453.83,0,40.07,2.771,189.5312483,8.963
7,14-05-2010,372673.61,0,41.41,2.788,189.4904116,8.963
7,21-05-2010,395195.65,0,46.6,2.776,189.467827,8.963
7,28-05-2010,442734.55,0,54.24,2.737,189.4452425,8.963
7,4/6/2010,509183.22,0,53.63,2.7,189.422658,8.963
7,11/6/2010,498580.87,0,63.59,2.684,189.4000734,8.963
7,18-06-2010,481144.09,0,52.7,2.674,189.4185259,8.963
7,25-06-2010,553714.87,0,59.94,2.715,189.4533931,8.963
7,2/7/2010,575570.77,0,61.31,2.728,189.4882603,9.017
7,9/7/2010,593462.34,0,58,2.711,189.5231276,9.017
7,16-07-2010,557166.35,0,62.19,2.699,189.6125456,9.017
7,23-07-2010,570231.21,0,64.64,2.691,189.774698,9.017
7,30-07-2010,603547.16,0,66.07,2.69,189.9368504,9.017
7,6/8/2010,643854.17,0,61.7,2.69,190.0990028,9.017
7,13-08-2010,598185.4,0,60.13,2.723,190.2611552,9.017
7,20-08-2010,582353.17,0,59.59,2.732,190.2948237,9.017
7,27-08-2010,554309.24,0,57.57,2.731,190.3284922,9.017
7,3/9/2010,532765.05,0,49.84,2.773,190.3621607,9.017
7,10/9/2010,535769.32,1,48.5,2.78,190.3958293,9.017
7,17-09-2010,489408.53,0,48.56,2.8,190.4688287,9.017
7,24-09-2010,488008.83,0,47.55,2.793,190.5713264,9.017
7,1/10/2010,448998.73,0,49.99,2.759,190.6738241,9.137
7,8/10/2010,480239.88,0,44.13,2.745,190.7763218,9.137
7,15-10-2010,463370.48,0,35.86,2.762,190.8623087,9.137
7,22-10-2010,472450.81,0,36.84,2.762,190.9070184,9.137
7,29-10-2010,465493.15,0,34.78,2.748,190.951728,9.137
7,5/11/2010,480512.44,0,49.44,2.729,190.9964377,9.137
7,12/11/2010,507584.29,0,22.12,2.737,191.0411474,9.137
7,19-11-2010,482528.36,0,25.56,2.758,191.0312172,9.137
7,26-11-2010,835189.26,1,17.95,2.742,191.0121805,9.137
7,3/12/2010,552811.62,0,21.88,2.712,190.9931437,9.137
7,10/12/2010,599730.07,0,24.24,2.728,190.9741069,9.137
7,17-12-2010,716388.81,0,20.74,2.778,191.0303376,9.137
7,24-12-2010,1045124.88,0,26.04,2.781,191.1430189,9.137
7,31-12-2010,729572.08,1,13.76,2.829,191.2557002,9.137
7,7/1/2011,661163.94,0,10.09,2.882,191.3683815,8.818
7,14-01-2011,547384.9,0,11.32,2.911,191.4784939,8.818
7,21-01-2011,521539.46,0,25.4,2.973,191.5731924,8.818
7,28-01-2011,513372.17,0,10.11,3.008,191.667891,8.818
7,4/2/2011,558027.77,0,-2.06,3.011,191.7625895,8.818
7,11/2/2011,559903.13,1,10.24,3.037,191.8572881,8.818
7,18-02-2011,572387.47,0,17.3,3.051,191.9178331,8.818
7,25-02-2011,546690.84,0,17.46,3.101,191.9647167,8.818
7,4/3/2011,551378.39,0,21.84,3.232,192.0116004,8.818
7,11/3/2011,558963.83,0,20.7,3.372,192.058484,8.818
7,18-03-2011,635014.69,0,27.69,3.406,192.1237981,8.818
7,25-03-2011,559061.58,0,25.69,3.414,192.1964844,8.818
7,1/4/2011,513409.67,0,24.83,3.461,192.2691707,8.595
7,8/4/2011,500552.16,0,30.64,3.532,192.3418571,8.595
7,15-04-2011,423380.14,0,27.79,3.611,192.4225954,8.595
7,22-04-2011,466594.89,0,31.84,3.636,192.5234638,8.595
7,29-04-2011,410429.73,0,26.79,3.663,192.6243322,8.595
7,6/5/2011,407012.47,0,26.54,3.735,192.7252006,8.595
7,13-05-2011,414094.05,0,36.61,3.767,192.826069,8.595
7,20-05-2011,424670.98,0,36.16,3.828,192.831317,8.595
7,27-05-2011,457216.87,0,37.51,3.795,192.8365651,8.595
7,3/6/2011,542295.37,0,45.77,3.763,192.8418131,8.595
7,10/6/2011,621099.95,0,53.3,3.735,192.8470612,8.595
7,17-06-2011,610991.35,0,48.79,3.697,192.9034759,8.595
7,24-06-2011,640043.97,0,46.85,3.661,192.9982655,8.595
7,1/7/2011,704344.21,0,58.54,3.597,193.0930552,8.622
7,8/7/2011,761793.94,0,59.08,3.54,193.1878448,8.622
7,15-07-2011,642748.21,0,54.37,3.532,193.3125484,8.622
7,22-07-2011,688043.96,0,56.22,3.545,193.5120367,8.622
7,29-07-2011,653382.62,0,56.66,3.547,193.711525,8.622
7,5/8/2011,695392.84,0,55.91,3.554,193.9110133,8.622
7,12/8/2011,670670.46,0,54.56,3.542,194.1105017,8.622
7,19-08-2011,645156.21,0,56.06,3.499,194.2500634,8.622
7,26-08-2011,629994.47,0,57.6,3.485,194.3796374,8.622
7,2/9/2011,592355.24,0,53.4,3.511,194.5092113,8.622
7,9/9/2011,613135.23,1,45.61,3.566,194.6387853,8.622
7,16-09-2011,558981.45,0,43.67,3.596,194.7419707,8.622
7,23-09-2011,536144.81,0,43.67,3.581,194.8099713,8.622
7,30-09-2011,488880.26,0,47.34,3.538,194.8779718,8.622
7,7/10/2011,525866.36,0,40.65,3.498,194.9459724,8.513
7,14-10-2011,501959.19,0,32.65,3.491,195.0261012,8.513
7,21-10-2011,558691.43,0,37.49,3.548,195.1789994,8.513
7,28-10-2011,527339.52,0,28.82,3.55,195.3318977,8.513
7,4/11/2011,564536.01,0,23.41,3.527,195.4847959,8.513
7,11/11/2011,556015.59,0,19.53,3.505,195.6376941,8.513
7,18-11-2011,539826.56,0,29.53,3.479,195.7184713,8.513
7,25-11-2011,949075.87,1,27.6,3.424,195.7704,8.513
7,2/12/2011,591907.88,0,20.38,3.378,195.8223287,8.513
7,9/12/2011,653845.45,0,11.17,3.331,195.8742575,8.513
7,16-12-2011,720242.19,0,15.2,3.266,195.9841685,8.513
7,23-12-2011,1059715.27,0,12.19,3.173,196.1713893,8.513
7,30-12-2011,815915.52,1,15.56,3.119,196.3586101,8.513
7,6/1/2012,713117.66,0,18.67,3.095,196.5458309,8.256
7,13-01-2012,593875.46,0,7.46,3.077,196.7330517,8.256
7,20-01-2012,578002.85,0,27.41,3.055,196.7796652,8.256
7,27-01-2012,541037.98,0,26.9,3.038,196.8262786,8.256
7,3/2/2012,580453.32,0,22.2,3.031,196.8728921,8.256
7,10/2/2012,563460.77,1,18.79,3.103,196.9195056,8.256
7,17-02-2012,620908.18,0,27.03,3.113,196.9432711,8.256
7,24-02-2012,603041.14,0,24.41,3.129,196.9499007,8.256
7,2/3/2012,551058.13,0,21.64,3.191,196.9565303,8.256
7,9/3/2012,579166.5,0,30.1,3.286,196.9631599,8.256
7,16-03-2012,669205.73,0,37.29,3.486,197.0457208,8.256
7,23-03-2012,615997.29,0,35.06,3.664,197.2295234,8.256
7,30-03-2012,583322.2,0,44.99,3.75,197.4133259,8.256
7,6/4/2012,621425.98,0,44.29,3.854,197.5971285,8.09
7,13-04-2012,517420.23,0,41.43,3.901,197.780931,8.09
7,20-04-2012,457340.06,0,39.3,3.936,197.7227385,8.09
7,27-04-2012,467827.75,0,51.49,3.927,197.664546,8.09
7,4/5/2012,465198.89,0,45.38,3.903,197.6063534,8.09
7,11/5/2012,460397.41,0,48.54,3.87,197.5481609,8.09
7,18-05-2012,468428.3,0,49.41,3.837,197.5553137,8.09
7,25-05-2012,532739.77,0,50.6,3.804,197.5886046,8.09
7,1/6/2012,598495.02,0,55.06,3.764,197.6218954,8.09
7,8/6/2012,642963.75,0,63.07,3.741,197.6551863,8.09
7,15-06-2012,666942.02,0,59.33,3.723,197.692292,8.09
7,22-06-2012,687344.68,0,63.69,3.735,197.7389345,8.09
7,29-06-2012,704335.41,0,68.84,3.693,197.785577,8.09
7,6/7/2012,805642.61,0,64.67,3.646,197.8322195,7.872
7,13-07-2012,694150.89,0,64.21,3.613,197.8788621,7.872
7,20-07-2012,686345.69,0,62.87,3.585,197.9290378,7.872
7,27-07-2012,686365.4,0,64.6,3.57,197.9792136,7.872
7,3/8/2012,680954.81,0,61.83,3.528,198.0293893,7.872
7,10/8/2012,675926.3,0,63.41,3.509,198.0795651,7.872
7,17-08-2012,642450.4,0,59.66,3.545,198.1001057,7.872
7,24-08-2012,609099.37,0,59.27,3.558,198.0984199,7.872
7,31-08-2012,586467.16,0,60.46,3.556,198.0967341,7.872
7,7/9/2012,597876.55,1,57.84,3.596,198.0950484,7.872
7,14-09-2012,541120.2,0,53.66,3.659,198.1267184,7.872
7,21-09-2012,530842.25,0,51.77,3.765,198.358523,7.872
7,28-09-2012,525545.76,0,50.64,3.789,198.5903276,7.872
7,5/10/2012,505830.56,0,48.43,3.779,198.8221322,7.557
7,12/10/2012,503463.93,0,41.43,3.76,199.0539368,7.557
7,19-10-2012,516424.83,0,43.01,3.75,199.1481963,7.557
7,26-10-2012,495543.28,0,42.53,3.686,199.2195317,7.557
8,5/2/2010,1004137.09,0,34.14,2.572,214.4714512,6.299
8,12/2/2010,994801.4,1,33.34,2.548,214.6214189,6.299
8,19-02-2010,963960.37,0,39.1,2.514,214.6664878,6.299
8,26-02-2010,847592.11,0,37.91,2.561,214.6940735,6.299
8,5/3/2010,881503.95,0,45.64,2.625,214.7216592,6.299
8,12/3/2010,860336.16,0,49.76,2.667,214.7492449,6.299
8,19-03-2010,839911,0,47.26,2.72,214.5764954,6.299
8,26-03-2010,772539.12,0,46.51,2.732,214.3703567,6.299
8,2/4/2010,914500.91,0,60.18,2.719,214.164218,6.29
8,9/4/2010,916033.92,0,59.25,2.77,213.9580793,6.29
8,16-04-2010,882917.12,0,62.66,2.808,213.8186357,6.29
8,23-04-2010,850440.26,0,56.1,2.795,213.768119,6.29
8,30-04-2010,778672.64,0,61.01,2.78,213.7176024,6.29
8,7/5/2010,916820.96,0,62.68,2.835,213.6670857,6.29
8,14-05-2010,873337.84,0,61.35,2.854,213.6655355,6.29
8,21-05-2010,818333.21,0,66.03,2.826,213.9577839,6.29
8,28-05-2010,868041.56,0,74.71,2.759,214.2500323,6.29
8,4/6/2010,958225.41,0,75.71,2.705,214.5422806,6.29
8,11/6/2010,914835.86,0,82.21,2.668,214.834529,6.29
8,18-06-2010,869922.56,0,78.79,2.637,214.8324452,6.29
8,25-06-2010,814919.11,0,81.78,2.653,214.7126286,6.29
8,2/7/2010,852333.75,0,74.78,2.669,214.5928119,6.315
8,9/7/2010,845289.77,0,72.49,2.642,214.4729952,6.315
8,16-07-2010,848630.57,0,77.49,2.623,214.4640599,6.315
8,23-07-2010,785515.88,0,78.29,2.608,214.6029664,6.315
8,30-07-2010,787295.09,0,76.02,2.64,214.7418728,6.315
8,6/8/2010,893399.77,0,80.37,2.627,214.8807793,6.315
8,13-08-2010,867919.21,0,80.11,2.692,215.0196857,6.315
8,20-08-2010,870676.44,0,79.36,2.664,214.9779825,6.315
8,27-08-2010,888816.78,0,74.92,2.619,214.9362793,6.315
8,3/9/2010,899036.47,0,76.14,2.577,214.894576,6.315
8,10/9/2010,831425.2,1,74.34,2.565,214.8528728,6.315
8,17-09-2010,836707.85,0,75.32,2.582,214.8785562,6.315
8,24-09-2010,773725.08,0,72.21,2.624,214.9547795,6.315
8,1/10/2010,804105.49,0,68.7,2.603,215.0310029,6.433
8,8/10/2010,870349.86,0,62.94,2.633,215.1072262,6.433
8,15-10-2010,826546.96,0,62.59,2.72,215.1757,6.433
8,22-10-2010,836419.14,0,62.86,2.725,215.2248,6.433
8,29-10-2010,830756.76,0,57.93,2.716,215.2739,6.433
8,5/11/2010,927266.34,0,55.76,2.689,215.323,6.433
8,12/11/2010,911538.98,0,54.89,2.728,215.3721,6.433
8,19-11-2010,885608.04,0,43.86,2.771,215.2538714,6.433
8,26-11-2010,1261693.16,1,51.07,2.735,215.1077548,6.433
8,3/12/2010,952766.93,0,42.85,2.708,214.9616381,6.433
8,10/12/2010,1069061.63,0,42.47,2.843,214.8155214,6.433
8,17-12-2010,1220579.55,0,45.03,2.869,214.7510843,6.433
8,24-12-2010,1511641.09,0,45.67,2.886,214.7479069,6.433
8,31-12-2010,773586.49,1,41.47,2.943,214.7447295,6.433
8,7/1/2011,873065.23,0,35.77,2.976,214.7415521,6.262
8,14-01-2011,809646.66,0,31.62,2.983,214.7930991,6.262
8,21-01-2011,822668.23,0,42.06,3.016,215.1729926,6.262
8,28-01-2011,782256.66,0,39.26,3.01,215.5528862,6.262
8,4/2/2011,944594.78,0,24.48,2.989,215.9327797,6.262
8,11/2/2011,996147.39,1,28.26,3.022,216.3126733,6.262
8,18-02-2011,1065108.64,0,50.64,3.045,216.6310383,6.262
8,25-02-2011,917317.15,0,51.29,3.065,216.9247918,6.262
8,4/3/2011,935266.43,0,53.18,3.288,217.2185454,6.262
8,11/3/2011,900387.29,0,49.14,3.459,217.512299,6.262
8,18-03-2011,898289.14,0,56.68,3.488,217.7705442,6.262
8,25-03-2011,827968.36,0,59.74,3.473,218.0145862,6.262
8,1/4/2011,878762.3,0,49.86,3.524,218.2586281,6.297
8,8/4/2011,949825.83,0,65.62,3.622,218.50267,6.297
8,15-04-2011,908278.74,0,63.55,3.743,218.7262524,6.297
8,22-04-2011,937473.13,0,65.11,3.807,218.8986857,6.297
8,29-04-2011,855014.77,0,62.29,3.81,219.071119,6.297
8,6/5/2011,941457.34,0,58.92,3.906,219.2435524,6.297
8,13-05-2011,895763.41,0,72.96,3.899,219.4159857,6.297
8,20-05-2011,836049.89,0,65.54,3.907,219.1746922,6.297
8,27-05-2011,857939.41,0,73.14,3.786,218.9333986,6.297
8,3/6/2011,929222.16,0,82.05,3.699,218.6921051,6.297
8,10/6/2011,897309.41,0,82.21,3.648,218.4508115,6.297
8,17-06-2011,922048.41,0,84.73,3.637,218.4021448,6.297
8,24-06-2011,864881.24,0,83.94,3.594,218.4979481,6.297
8,1/7/2011,883683.35,0,87.26,3.524,218.5937514,6.425
8,8/7/2011,861965.12,0,83.57,3.48,218.6895548,6.425
8,15-07-2011,849925.37,0,84.26,3.575,218.7746217,6.425
8,22-07-2011,829902.42,0,85.46,3.651,218.8328475,6.425
8,29-07-2011,807082.19,0,86.46,3.682,218.8910733,6.425
8,5/8/2011,892393.77,0,85.15,3.684,218.9492991,6.425
8,12/8/2011,856796.1,0,86.05,3.638,219.0075249,6.425
8,19-08-2011,895066.5,0,82.92,3.554,219.0701968,6.425
8,26-08-2011,912542.82,0,84.69,3.523,219.1336097,6.425
8,2/9/2011,891387.14,0,84.77,3.533,219.1970226,6.425
8,9/9/2011,848358.09,1,69.01,3.546,219.2604355,6.425
8,16-09-2011,870971.82,0,69.09,3.526,219.4442443,6.425
8,23-09-2011,806444.29,0,68.72,3.467,219.788581,6.425
8,30-09-2011,809049.37,0,72.2,3.355,220.1329176,6.425
8,7/10/2011,929976.55,0,67.61,3.285,220.4772543,6.123
8,14-10-2011,863188.26,0,61.74,3.274,220.7960935,6.123
8,21-10-2011,905984.49,0,59.97,3.353,220.9619484,6.123
8,28-10-2011,876712.31,0,56.86,3.372,221.1278032,6.123
8,4/11/2011,947815.05,0,49.68,3.332,221.2936581,6.123
8,11/11/2011,917088.48,0,50.56,3.297,221.4595129,6.123
8,18-11-2011,897032.19,0,51.72,3.308,221.6911738,6.123
8,25-11-2011,1235163.86,1,49.61,3.236,221.9491571,6.123
8,2/12/2011,986601.46,0,40.82,3.172,222.2071405,6.123
8,9/12/2011,1051922.95,0,30.51,3.158,222.4651238,6.123
8,16-12-2011,1118163.94,0,39.79,3.159,222.6910959,6.123
8,23-12-2011,1462254.05,0,38.16,3.112,222.8743862,6.123
8,30-12-2011,858572.22,1,36.33,3.129,223.0576765,6.123
8,6/1/2012,872113.23,0,43.47,3.157,223.2409668,5.825
8,13-01-2012,817661.76,0,36.46,3.261,223.4242571,5.825
8,20-01-2012,813954.82,0,46.81,3.268,223.5188055,5.825
8,27-01-2012,778178.53,0,45.52,3.29,223.6133539,5.825
8,3/2/2012,927610.69,0,45.56,3.36,223.7079023,5.825
8,10/2/2012,1021400.42,1,35.71,3.409,223.8024507,5.825
8,17-02-2012,1096232.89,0,37.51,3.51,223.9658621,5.825
8,24-02-2012,928537.54,0,46.33,3.555,224.1809207,5.825
8,2/3/2012,952264.91,0,50.95,3.63,224.3959793,5.825
8,9/3/2012,960115.56,0,49.59,3.669,224.6110379,5.825
8,16-03-2012,921178.39,0,56.63,3.734,224.7657327,5.825
8,23-03-2012,874223.25,0,52.9,3.787,224.8399424,5.825
8,30-03-2012,905935.29,0,66.69,3.845,224.9141521,5.825
8,6/4/2012,1046816.59,0,62.18,3.891,224.9883618,5.679
8,13-04-2012,909989.45,0,65.19,3.891,225.0625714,5.679
8,20-04-2012,872288.46,0,63.59,3.877,225.1179914,5.679
8,27-04-2012,879448.25,0,70.34,3.814,225.1734114,5.679
8,4/5/2012,937232.09,0,73.96,3.749,225.2288314,5.679
8,11/5/2012,920128.89,0,64.96,3.688,225.2842514,5.679
8,18-05-2012,913922.01,0,64.16,3.63,225.3002908,5.679
8,25-05-2012,895157.44,0,76.11,3.561,225.3005779,5.679
8,1/6/2012,921161.2,0,78.31,3.501,225.300865,5.679
8,8/6/2012,928820,0,74.28,3.452,225.3011521,5.679
8,15-06-2012,916918.7,0,77.14,3.393,225.3134743,5.679
8,22-06-2012,899449.65,0,78.85,3.346,225.3558843,5.679
8,29-06-2012,878298.22,0,84.47,3.286,225.3982943,5.679
8,6/7/2012,936205.5,0,81.24,3.227,225.4407043,5.401
8,13-07-2012,890488.01,0,78.46,3.256,225.4831143,5.401
8,20-07-2012,888834.07,0,79.94,3.311,225.4930078,5.401
8,27-07-2012,838227.52,0,81.71,3.407,225.5029014,5.401
8,3/8/2012,897076.73,0,85.06,3.417,225.5127949,5.401
8,10/8/2012,930745.69,0,83.74,3.494,225.5226885,5.401
8,17-08-2012,896613.19,0,81.21,3.571,225.6050797,5.401
8,24-08-2012,936373.65,0,73.77,3.62,225.7418442,5.401
8,31-08-2012,976137.73,0,75.33,3.638,225.8786088,5.401
8,7/9/2012,932160.37,1,80.87,3.73,226.0153733,5.401
8,14-09-2012,883569.38,0,67.21,3.717,226.1615981,5.401
8,21-09-2012,857796.45,0,66.96,3.721,226.3645848,5.401
8,28-09-2012,884724.41,0,71.1,3.666,226.5675714,5.401
8,5/10/2012,976436.02,0,61.41,3.617,226.7705581,5.124
8,12/10/2012,927511.99,0,55.03,3.601,226.9735448,5.124
8,19-10-2012,900309.75,0,62.99,3.594,227.0184166,5.124
8,26-10-2012,891671.44,0,64.74,3.506,227.0369359,5.124
9,5/2/2010,549505.55,0,38.01,2.572,214.6554591,6.415
9,12/2/2010,552677.48,1,37.08,2.548,214.8056534,6.415
9,19-02-2010,511327.9,0,43.06,2.514,214.8506185,6.415
9,26-02-2010,473773.27,0,43.83,2.561,214.8780453,6.415
9,5/3/2010,507297.88,0,48.43,2.625,214.9054721,6.415
9,12/3/2010,494145.8,0,55.76,2.667,214.932899,6.415
9,19-03-2010,485744.61,0,53.15,2.72,214.7597274,6.415
9,26-03-2010,484946.56,0,51.8,2.732,214.5531227,6.415
9,2/4/2010,545206.32,0,65.21,2.719,214.3465181,6.384
9,9/4/2010,529384.31,0,64.95,2.77,214.1399135,6.384
9,16-04-2010,485764.32,0,66.09,2.808,214.0001817,6.384
9,23-04-2010,488683.57,0,61.26,2.795,213.9496138,6.384
9,30-04-2010,491723.42,0,66.07,2.78,213.8990459,6.384
9,7/5/2010,526128.61,0,68.58,2.835,213.848478,6.384
9,14-05-2010,492792.8,0,70.53,2.854,213.8469819,6.384
9,21-05-2010,506274.94,0,71.5,2.826,214.1399162,6.384
9,28-05-2010,558143.53,0,77.12,2.759,214.4328505,6.384
9,4/6/2010,586061.46,0,79.65,2.705,214.7257848,6.384
9,11/6/2010,522715.68,0,83.75,2.668,215.0187191,6.384
9,18-06-2010,513073.87,0,82.99,2.637,215.0166484,6.384
9,25-06-2010,509263.28,0,85.02,2.653,214.8965756,6.384
9,2/7/2010,528832.54,0,78.55,2.669,214.7765028,6.442
9,9/7/2010,485389.15,0,78.51,2.642,214.6564301,6.442
9,16-07-2010,474030.51,0,82.93,2.623,214.6474453,6.442
9,23-07-2010,462676.5,0,84.49,2.608,214.7865779,6.442
9,30-07-2010,468675.19,0,79.83,2.64,214.9257105,6.442
9,6/8/2010,522815.45,0,87.09,2.627,215.064843,6.442
9,13-08-2010,481897.98,0,86.85,2.692,215.2039756,6.442
9,20-08-2010,499325.38,0,86.3,2.664,215.1619646,6.442
9,27-08-2010,506789.66,0,84.01,2.619,215.1199536,6.442
9,3/9/2010,511049.06,0,82.47,2.577,215.0779426,6.442
9,10/9/2010,484835.2,1,77.7,2.565,215.0359315,6.442
9,17-09-2010,463448.59,0,81.19,2.582,215.0615285,6.442
9,24-09-2010,452905.22,0,77.15,2.624,215.1378313,6.442
9,1/10/2010,495692.19,0,69.08,2.603,215.2141341,6.56
9,8/10/2010,505069.21,0,65.35,2.633,215.290437,6.56
9,15-10-2010,454769.68,0,67.36,2.72,215.3589917,6.56
9,22-10-2010,466322.76,0,69.99,2.725,215.4081762,6.56
9,29-10-2010,508801.61,0,64.43,2.716,215.4573607,6.56
9,5/11/2010,517869.97,0,58.69,2.689,215.5065452,6.56
9,12/11/2010,520846.68,0,61.59,2.728,215.5557297,6.56
9,19-11-2010,519823.3,0,49.96,2.771,215.4372854,6.56
9,26-11-2010,768070.53,1,60.18,2.735,215.2909028,6.56
9,3/12/2010,578164.82,0,49.89,2.708,215.1445203,6.56
9,10/12/2010,618121.82,0,46.1,2.843,214.9981378,6.56
9,17-12-2010,685243.2,0,49.7,2.869,214.9334937,6.56
9,24-12-2010,873347.55,0,50.93,2.886,214.9301534,6.56
9,31-12-2010,459770.85,1,45.92,2.943,214.9268131,6.56
9,7/1/2011,490981.78,0,41.82,2.976,214.9234729,6.416
9,14-01-2011,458086.69,0,36.43,2.983,214.9749587,6.416
9,21-01-2011,454021.69,0,44.72,3.016,215.3554013,6.416
9,28-01-2011,463561.48,0,43.9,3.01,215.7358438,6.416
9,4/2/2011,544612.28,0,31.82,2.989,216.1162864,6.416
9,11/2/2011,555279.02,1,34.13,3.022,216.496729,6.416
9,18-02-2011,610985.56,0,58.5,3.045,216.8154856,6.416
9,25-02-2011,513107.2,0,59.01,3.065,217.1095679,6.416
9,4/3/2011,542016.18,0,60.67,3.288,217.4036503,6.416
9,11/3/2011,517783.5,0,54.75,3.459,217.6977326,6.416
9,18-03-2011,515226.11,0,63.82,3.488,217.9563371,6.416
9,25-03-2011,497488.4,0,68.79,3.473,218.2007506,6.416
9,1/4/2011,520962.14,0,56.12,3.524,218.445164,6.38
9,8/4/2011,561625.92,0,71.4,3.622,218.6895775,6.38
9,15-04-2011,528420.28,0,71.9,3.743,218.9134935,6.38
9,22-04-2011,549502.11,0,72.35,3.807,219.0861659,6.38
9,29-04-2011,532226.2,0,70.85,3.81,219.2588382,6.38
9,6/5/2011,545251.1,0,62.2,3.906,219.4315106,6.38
9,13-05-2011,539126,0,77.66,3.899,219.6041829,6.38
9,20-05-2011,518266.9,0,70.49,3.907,219.3622809,6.38
9,27-05-2011,553834.04,0,80.42,3.786,219.1203788,6.38
9,3/6/2011,587004.29,0,85.8,3.699,218.8784768,6.38
9,10/6/2011,550076.32,0,85.81,3.648,218.6365747,6.38
9,17-06-2011,558671.14,0,89.15,3.637,218.5877333,6.38
9,24-06-2011,538745.93,0,86.74,3.594,218.6836874,6.38
9,1/7/2011,537064.03,0,89.14,3.524,218.7796415,6.404
9,8/7/2011,535983.13,0,89.04,3.48,218.8755955,6.404
9,15-07-2011,512834.04,0,90.45,3.575,218.9607242,6.404
9,22-07-2011,491449.94,0,89.08,3.651,219.0187895,6.404
9,29-07-2011,471449.98,0,91.1,3.682,219.0768548,6.404
9,5/8/2011,554879.67,0,91.52,3.684,219.1349201,6.404
9,12/8/2011,520284.79,0,91.63,3.638,219.1929854,6.404
9,19-08-2011,540819.44,0,85.8,3.554,219.2556109,6.404
9,26-08-2011,542663.53,0,88.95,3.523,219.3189965,6.404
9,2/9/2011,544643.33,0,89.33,3.533,219.382382,6.404
9,9/9/2011,528784.86,1,75.65,3.546,219.4457675,6.404
9,16-09-2011,500274.03,0,77.95,3.526,219.6297841,6.404
9,23-09-2011,506743.78,0,74.42,3.467,219.9746423,6.404
9,30-09-2011,508567.04,0,78.45,3.355,220.3195004,6.404
9,7/10/2011,553836.98,0,72.62,3.285,220.6643585,6.054
9,14-10-2011,529515.66,0,67.27,3.274,220.9836849,6.054
9,21-10-2011,557075.21,0,65.46,3.353,221.1498206,6.054
9,28-10-2011,548527.49,0,63.96,3.372,221.3159563,6.054
9,4/11/2011,597855.07,0,54.46,3.332,221.4820921,6.054
9,11/11/2011,594574.12,0,58.28,3.297,221.6482278,6.054
9,18-11-2011,542414.27,0,58.8,3.308,221.8803923,6.054
9,25-11-2011,814753.5,1,54.32,3.236,222.1389683,6.054
9,2/12/2011,613115.21,0,46.84,3.172,222.3975443,6.054
9,9/12/2011,630327.28,0,37.65,3.158,222.6561203,6.054
9,16-12-2011,705557.97,0,47.31,3.159,222.8825484,6.054
9,23-12-2011,905324.68,0,44.43,3.112,223.0661125,6.054
9,30-12-2011,549788.36,1,43.41,3.129,223.2496766,6.054
9,6/1/2012,519585.67,0,47.54,3.157,223.4332408,5.667
9,13-01-2012,474964.6,0,42.44,3.261,223.6168049,5.667
9,20-01-2012,480130.04,0,51.56,3.268,223.7114288,5.667
9,27-01-2012,482451.21,0,49.38,3.29,223.8060527,5.667
9,3/2/2012,549967.89,0,54.43,3.36,223.9006766,5.667
9,10/2/2012,609736.12,1,44.03,3.409,223.9953006,5.667
9,17-02-2012,658965.05,0,43.81,3.51,224.1588663,5.667
9,24-02-2012,563578.79,0,53.67,3.555,224.3741384,5.667
9,2/3/2012,619498.28,0,57.2,3.63,224.5894104,5.667
9,9/3/2012,574955.95,0,54.03,3.669,224.8046825,5.667
9,16-03-2012,550373.57,0,59.94,3.734,224.9594902,5.667
9,23-03-2012,550791.32,0,58.79,3.787,225.0336786,5.667
9,30-03-2012,574985.37,0,67.87,3.845,225.107867,5.667
9,6/4/2012,677885.99,0,68.83,3.891,225.1820555,5.539
9,13-04-2012,578539.86,0,69.19,3.891,225.2562439,5.539
9,20-04-2012,542819.03,0,68.04,3.877,225.3117488,5.539
9,27-04-2012,550414.99,0,73.07,3.814,225.3672537,5.539
9,4/5/2012,586289.08,0,78.98,3.749,225.4227585,5.539
9,11/5/2012,592572.3,0,70.94,3.688,225.4782634,5.539
9,18-05-2012,571463.93,0,69.52,3.63,225.4942498,5.539
9,25-05-2012,547226,0,79.69,3.561,225.4944288,5.539
9,1/6/2012,583648.59,0,80.26,3.501,225.4946078,5.539
9,8/6/2012,582525.42,0,78.91,3.452,225.4947868,5.539
9,15-06-2012,564606.1,0,82.21,3.393,225.5070634,5.539
9,22-06-2012,562173.12,0,81.05,3.346,225.5495841,5.539
9,29-06-2012,544770.7,0,87.18,3.286,225.5921049,5.539
9,6/7/2012,578790.36,0,84.15,3.227,225.6346256,5.277
9,13-07-2012,536537.64,0,82.39,3.256,225.6771463,5.277
9,20-07-2012,513991.57,0,83.39,3.311,225.6871121,5.277
9,27-07-2012,495951,0,86.41,3.407,225.6970779,5.277
9,3/8/2012,533887.54,0,90.23,3.417,225.7070437,5.277
9,10/8/2012,538713.47,0,88.66,3.494,225.7170094,5.277
9,17-08-2012,535153.47,0,86.37,3.571,225.7995323,5.277
9,24-08-2012,572887.78,0,77.9,3.62,225.9364729,5.277
9,31-08-2012,576879.15,0,80.71,3.638,226.0734135,5.277
9,7/9/2012,565812.29,1,87.93,3.73,226.2103541,5.277
9,14-09-2012,523427.35,0,73.55,3.717,226.3567545,5.277
9,21-09-2012,533756.88,0,69.92,3.721,226.5599138,5.277
9,28-09-2012,516361.06,0,76.8,3.666,226.7630732,5.277
9,5/10/2012,606755.3,0,66.61,3.617,226.9662325,4.954
9,12/10/2012,558464.8,0,60.09,3.601,227.1693919,4.954
9,19-10-2012,542009.46,0,68.01,3.594,227.214288,4.954
9,26-10-2012,549731.49,0,69.52,3.506,227.2328068,4.954
10,5/2/2010,2193048.75,0,54.34,2.962,126.4420645,9.765
10,12/2/2010,2176028.52,1,49.96,2.828,126.4962581,9.765
10,19-02-2010,2113432.58,0,58.22,2.915,126.5262857,9.765
10,26-02-2010,2006774.96,0,52.77,2.825,126.5522857,9.765
10,5/3/2010,1987090.09,0,55.92,2.877,126.5782857,9.765
10,12/3/2010,1941346.13,0,52.33,3.034,126.6042857,9.765
10,19-03-2010,1946875.06,0,61.46,3.054,126.6066452,9.765
10,26-03-2010,1893532.46,0,60.05,2.98,126.6050645,9.765
10,2/4/2010,2138651.97,0,63.66,3.086,126.6034839,9.524
10,9/4/2010,2041069.37,0,65.29,3.004,126.6019032,9.524
10,16-04-2010,1826241.44,0,69.74,3.109,126.5621,9.524
10,23-04-2010,1829521.83,0,66.42,3.05,126.4713333,9.524
10,30-04-2010,1790694.59,0,69.76,3.105,126.3805667,9.524
10,7/5/2010,1921432.16,0,71.06,3.127,126.2898,9.524
10,14-05-2010,1808056.41,0,73.88,3.145,126.2085484,9.524
10,21-05-2010,1847613.58,0,78.32,3.12,126.1843871,9.524
10,28-05-2010,1904618.17,0,76.67,3.058,126.1602258,9.524
10,4/6/2010,1931406.28,0,82.82,2.941,126.1360645,9.524
10,11/6/2010,1827521.71,0,89.67,3.057,126.1119032,9.524
10,18-06-2010,1837636.24,0,83.49,2.935,126.114,9.524
10,25-06-2010,1768172.31,0,90.32,3.084,126.1266,9.524
10,2/7/2010,1845893.87,0,92.89,2.978,126.1392,9.199
10,9/7/2010,1769793.37,0,91.03,3.1,126.1518,9.199
10,16-07-2010,1828052.47,0,91.8,2.971,126.1498065,9.199
10,23-07-2010,1831676.03,0,88.44,3.112,126.1283548,9.199
10,30-07-2010,1832664.03,0,85.03,3.017,126.1069032,9.199
10,6/8/2010,1949236.09,0,86.13,3.123,126.0854516,9.199
10,13-08-2010,1962996.7,0,88.37,3.049,126.064,9.199
10,20-08-2010,1983190.56,0,89.88,3.041,126.0766452,9.199
10,27-08-2010,1727565.42,0,84.99,3.022,126.0892903,9.199
10,3/9/2010,1766331.45,0,83.8,3.087,126.1019355,9.199
10,10/9/2010,1720530.23,1,84.04,2.961,126.1145806,9.199
10,17-09-2010,1716755.78,0,85.52,3.028,126.1454667,9.199
10,24-09-2010,1655036.75,0,85.75,2.939,126.1900333,9.199
10,1/10/2010,1645892.97,0,86.01,3.001,126.2346,9.003
10,8/10/2010,1772192.42,0,77.04,2.924,126.2791667,9.003
10,15-10-2010,1703850.25,0,75.48,3.08,126.3266774,9.003
10,22-10-2010,1740234.06,0,68.12,3.014,126.3815484,9.003
10,29-10-2010,1741308.56,0,68.76,3.13,126.4364194,9.003
10,5/11/2010,1832211.96,0,71.04,3.009,126.4912903,9.003
10,12/11/2010,1895901.59,0,61.24,3.13,126.5461613,9.003
10,19-11-2010,1949177.13,0,58.83,3.047,126.6072,9.003
10,26-11-2010,2939946.38,1,55.33,3.162,126.6692667,9.003
10,3/12/2010,2251206.64,0,51.17,3.041,126.7313333,9.003
10,10/12/2010,2411790.21,0,60.51,3.091,126.7934,9.003
10,17-12-2010,2811646.85,0,59.15,3.125,126.8794839,9.003
10,24-12-2010,3749057.69,0,57.06,3.236,126.9835806,9.003
10,31-12-2010,1707298.14,1,49.67,3.148,127.0876774,9.003
10,7/1/2011,1714309.9,0,43.43,3.287,127.1917742,8.744
10,14-01-2011,1710803.59,0,49.98,3.312,127.3009355,8.744
10,21-01-2011,1677556.18,0,56.75,3.336,127.4404839,8.744
10,28-01-2011,1715769.05,0,53.03,3.231,127.5800323,8.744
10,4/2/2011,1968045.91,0,44.88,3.348,127.7195806,8.744
10,11/2/2011,2115408.31,1,51.51,3.381,127.859129,8.744
10,18-02-2011,2106934.55,0,61.77,3.43,127.99525,8.744
10,25-02-2011,1967996.71,0,53.59,3.398,128.13,8.744
10,4/3/2011,1958003.19,0,56.96,3.674,128.26475,8.744
10,11/3/2011,1933469.15,0,64.22,3.63,128.3995,8.744
10,18-03-2011,1884734.31,0,70.12,3.892,128.5121935,8.744
10,25-03-2011,1815798.85,0,62.53,3.716,128.6160645,8.744
10,1/4/2011,1827733.18,0,67.64,3.772,128.7199355,8.494
10,8/4/2011,1870720.73,0,73.03,3.818,128.8238065,8.494
10,15-04-2011,1781767.22,0,61.05,4.089,128.9107333,8.494
10,22-04-2011,2004831.14,0,75.93,3.917,128.9553,8.494
10,29-04-2011,1873646.34,0,73.38,4.151,128.9998667,8.494
10,6/5/2011,1841369.99,0,73.56,4.193,129.0444333,8.494
10,13-05-2011,1712995.44,0,74.04,4.202,129.089,8.494
10,20-05-2011,1720908.01,0,72.62,3.99,129.0756774,8.494
10,27-05-2011,1743000.38,0,78.62,3.933,129.0623548,8.494
10,3/6/2011,1792210.89,0,81.87,3.893,129.0490323,8.494
10,10/6/2011,1740063.1,0,84.57,3.981,129.0357097,8.494
10,17-06-2011,1817934.76,0,87.96,3.935,129.0432,8.494
10,24-06-2011,1711813.13,0,90.69,3.807,129.0663,8.494
10,1/7/2011,1751369.75,0,95.36,3.842,129.0894,8.257
10,8/7/2011,1699708.38,0,88.57,3.793,129.1125,8.257
10,15-07-2011,1775068.4,0,86.01,3.779,129.1338387,8.257
10,22-07-2011,1774342.61,0,88.59,3.697,129.1507742,8.257
10,29-07-2011,1745841.33,0,86.75,3.694,129.1677097,8.257
10,5/8/2011,1886299.98,0,89.8,3.803,129.1846452,8.257
10,12/8/2011,1917397.63,0,85.61,3.794,129.2015806,8.257
10,19-08-2011,1954849.68,0,87.4,3.743,129.2405806,8.257
10,26-08-2011,1728399.07,0,91.59,3.663,129.2832581,8.257
10,2/9/2011,1758587.35,0,91.61,3.798,129.3259355,8.257
10,9/9/2011,1670579.82,1,89.06,3.771,129.3686129,8.257
10,16-09-2011,1650894.3,0,77.49,3.784,129.4306,8.257
10,23-09-2011,1685910.53,0,82.51,3.789,129.5183333,8.257
10,30-09-2011,1627707.31,0,82.27,3.877,129.6060667,8.257
10,7/10/2011,1788227.6,0,75.01,3.827,129.6938,7.874
10,14-10-2011,1704753.02,0,70.27,3.698,129.7706452,7.874
10,21-10-2011,1745928.56,0,77.91,3.842,129.7821613,7.874
10,28-10-2011,1771792.97,0,72.79,3.843,129.7936774,7.874
10,4/11/2011,1904438.59,0,68.57,3.828,129.8051935,7.874
10,11/11/2011,2076570.84,0,55.28,3.677,129.8167097,7.874
10,18-11-2011,1869087.85,0,58.97,3.669,129.8268333,7.874
10,25-11-2011,2950198.64,1,60.68,3.76,129.8364,7.874
10,2/12/2011,2068097.18,0,57.29,3.701,129.8459667,7.874
10,9/12/2011,2429310.9,0,42.58,3.644,129.8555333,7.874
10,16-12-2011,2555031.18,0,50.53,3.489,129.8980645,7.874
10,23-12-2011,3487986.89,0,48.36,3.541,129.9845484,7.874
10,30-12-2011,1930690.37,1,48.92,3.428,130.0710323,7.874
10,6/1/2012,1683401.78,0,59.85,3.443,130.1575161,7.545
10,13-01-2012,1711562.73,0,51,3.477,130.244,7.545
10,20-01-2012,1675562.94,0,54.51,3.66,130.2792258,7.545
10,27-01-2012,1632406,0,53.59,3.675,130.3144516,7.545
10,3/2/2012,1867403.01,0,56.85,3.543,130.3496774,7.545
10,10/2/2012,2218595.8,1,55.73,3.722,130.3849032,7.545
10,17-02-2012,2168709.76,0,54.12,3.781,130.4546207,7.545
10,24-02-2012,2039415.74,0,56.02,3.95,130.5502069,7.545
10,2/3/2012,1990371.02,0,57.62,3.882,130.6457931,7.545
10,9/3/2012,1917483.1,0,57.65,3.963,130.7413793,7.545
10,16-03-2012,1930814.66,0,62.11,4.273,130.8261935,7.545
10,23-03-2012,1837457.69,0,56.54,4.288,130.8966452,7.545
10,30-03-2012,1815760.42,0,67.92,4.294,130.9670968,7.545
10,6/4/2012,2163384.17,0,65.99,4.282,131.0375484,7.382
10,13-04-2012,1974687.51,0,70.28,4.254,131.108,7.382
10,20-04-2012,1777166.53,0,67.75,4.111,131.1173333,7.382
10,27-04-2012,1712987.56,0,80.11,4.088,131.1266667,7.382
10,4/5/2012,1821364.42,0,77.02,4.058,131.136,7.382
10,11/5/2012,1792345.3,0,76.03,4.186,131.1453333,7.382
10,18-05-2012,1795152.73,0,85.19,4.308,131.0983226,7.382
10,25-05-2012,1830939.1,0,86.03,4.127,131.0287742,7.382
10,1/6/2012,1767471.48,0,80.06,4.277,130.9592258,7.382
10,8/6/2012,1840491.41,0,86.87,4.103,130.8896774,7.382
10,15-06-2012,1811562.88,0,88.58,4.144,130.8295333,7.382
10,22-06-2012,1755334.18,0,89.92,4.014,130.7929,7.382
10,29-06-2012,1707481.9,0,91.36,3.875,130.7562667,7.382
10,6/7/2012,1805999.79,0,86.87,3.666,130.7196333,7.17
10,13-07-2012,1765571.91,0,89.8,3.723,130.683,7.17
10,20-07-2012,1869967.03,0,84.45,3.589,130.7012903,7.17
10,27-07-2012,1817603.66,0,83.98,3.769,130.7195806,7.17
10,3/8/2012,1939440.09,0,84.76,3.595,130.737871,7.17
10,10/8/2012,1880436.94,0,90.78,3.811,130.7561613,7.17
10,17-08-2012,1827797.4,0,88.83,4.002,130.7909677,7.17
10,24-08-2012,1764984.15,0,82.5,4.055,130.8381613,7.17
10,31-08-2012,1650285.54,0,86.97,3.886,130.8853548,7.17
10,7/9/2012,1708283.28,1,83.07,4.124,130.9325484,7.17
10,14-09-2012,1640168.99,0,78.47,3.966,130.9776667,7.17
10,21-09-2012,1671857.57,0,81.93,4.125,131.0103333,7.17
10,28-09-2012,1694862.41,0,82.52,3.966,131.043,7.17
10,5/10/2012,1758971.38,0,80.88,4.132,131.0756667,6.943
10,12/10/2012,1713889.11,0,76.03,4.468,131.1083333,6.943
10,19-10-2012,1734834.82,0,72.71,4.449,131.1499677,6.943
10,26-10-2012,1744349.05,0,70.5,4.301,131.1930968,6.943
11,5/2/2010,1528008.64,0,46.04,2.572,214.4248812,7.368
11,12/2/2010,1574684.08,1,48.01,2.548,214.5747916,7.368
11,19-02-2010,1503298.7,0,48.3,2.514,214.6198868,7.368
11,26-02-2010,1336404.65,0,52.79,2.561,214.6475127,7.368
11,5/3/2010,1426622.65,0,53.96,2.625,214.6751386,7.368
11,12/3/2010,1331883.16,0,64.1,2.667,214.7027646,7.368
11,19-03-2010,1364207,0,61.51,2.72,214.5301219,7.368
11,26-03-2010,1245624.27,0,58.09,2.732,214.3241011,7.368
11,2/4/2010,1446210.26,0,66.16,2.719,214.1180803,7.343
11,9/4/2010,1470308.32,0,69.57,2.77,213.9120595,7.343
11,16-04-2010,1323243.35,0,67.81,2.808,213.7726889,7.343
11,23-04-2010,1283766.55,0,68.37,2.795,213.7221852,7.343
11,30-04-2010,1239766.89,0,71.13,2.78,213.6716815,7.343
11,7/5/2010,1312329.78,0,75.57,2.835,213.6211778,7.343
11,14-05-2010,1266796.13,0,77.64,2.854,213.6196139,7.343
11,21-05-2010,1271646.62,0,76.97,2.826,213.9116886,7.343
11,28-05-2010,1264272.52,0,79.69,2.759,214.2037634,7.343
11,4/6/2010,1396322.19,0,79.66,2.705,214.4958382,7.343
11,11/6/2010,1339570.85,0,82.81,2.668,214.787913,7.343
11,18-06-2010,1336522.92,0,84.13,2.637,214.7858259,7.343
11,25-06-2010,1262025.08,0,84.5,2.653,214.6660741,7.343
11,2/7/2010,1302600.14,0,83.09,2.669,214.5463222,7.346
11,9/7/2010,1280156.47,0,83.01,2.642,214.4265704,7.346
11,16-07-2010,1290609.54,0,84.9,2.623,214.4176476,7.346
11,23-07-2010,1244390.03,0,84.57,2.608,214.5564968,7.346
11,30-07-2010,1250178.89,0,83.26,2.64,214.695346,7.346
11,6/8/2010,1369634.92,0,86.54,2.627,214.8341952,7.346
11,13-08-2010,1384339.1,0,87.73,2.692,214.9730444,7.346
11,20-08-2010,1430192.37,0,88.93,2.664,214.9314191,7.346
11,27-08-2010,1311263.07,0,87.7,2.619,214.8897938,7.346
11,3/9/2010,1303914.27,0,84.94,2.577,214.8481685,7.346
11,10/9/2010,1231428.46,1,81.93,2.565,214.8065431,7.346
11,17-09-2010,1215676.31,0,83.04,2.582,214.8322484,7.346
11,24-09-2010,1170103.25,0,77.36,2.624,214.9084516,7.346
11,1/10/2010,1182490.46,0,75.11,2.603,214.9846548,7.564
11,8/10/2010,1293472.8,0,68.71,2.633,215.060858,7.564
11,15-10-2010,1175003.67,0,71.46,2.72,215.1293114,7.564
11,22-10-2010,1169831.38,0,72.6,2.725,215.17839,7.564
11,29-10-2010,1195036,0,74.21,2.716,215.2274686,7.564
11,5/11/2010,1332759.13,0,64.41,2.689,215.2765472,7.564
11,12/11/2010,1281675.6,0,63.74,2.728,215.3256258,7.564
11,19-11-2010,1292346.57,0,58.63,2.771,215.2074519,7.564
11,26-11-2010,1757242.51,1,69.9,2.735,215.0614025,7.564
11,3/12/2010,1380522.64,0,55.9,2.708,214.9153531,7.564
11,10/12/2010,1564516.43,0,53.33,2.843,214.7693037,7.564
11,17-12-2010,1843971.15,0,54.63,2.869,214.704919,7.564
11,24-12-2010,2306265.36,0,59.33,2.886,214.7017828,7.564
11,31-12-2010,1172003.1,1,55.03,2.943,214.6986466,7.564
11,7/1/2011,1178905.44,0,54.43,2.976,214.6955104,7.551
11,14-01-2011,1194449.78,0,45.34,2.983,214.7470729,7.551
11,21-01-2011,1187776.19,0,51.51,3.016,215.1268275,7.551
11,28-01-2011,1100418.69,0,51.04,3.01,215.5065821,7.551
11,4/2/2011,1422546.05,0,47.17,2.989,215.8863367,7.551
11,11/2/2011,1419236.9,1,44.61,3.022,216.2660913,7.551
11,18-02-2011,1554747.15,0,61.5,3.045,216.5843571,7.551
11,25-02-2011,1323999.36,0,68.74,3.065,216.8780275,7.551
11,4/3/2011,1399456.99,0,66.5,3.288,217.1716979,7.551
11,11/3/2011,1314557.31,0,63.29,3.459,217.4653683,7.551
11,18-03-2011,1391813.69,0,70.17,3.488,217.7235226,7.551
11,25-03-2011,1229777.24,0,73.74,3.473,217.9674705,7.551
11,1/4/2011,1258674.12,0,69.1,3.524,218.2114184,7.574
11,8/4/2011,1327401.06,0,73.57,3.622,218.4553663,7.574
11,15-04-2011,1312905.8,0,76.64,3.743,218.6788642,7.574
11,22-04-2011,1388118.53,0,78.31,3.807,218.851237,7.574
11,29-04-2011,1357589.89,0,79.97,3.81,219.0236099,7.574
11,6/5/2011,1331453.41,0,71.39,3.906,219.1959827,7.574
11,13-05-2011,1277959.42,0,80.93,3.899,219.3683556,7.574
11,20-05-2011,1239466.97,0,76.97,3.907,219.127216,7.574
11,27-05-2011,1216876.52,0,85.61,3.786,218.8860765,7.574
11,3/6/2011,1343637,0,86.14,3.699,218.6449369,7.574
11,10/6/2011,1314626.75,0,85.79,3.648,218.4037974,7.574
11,17-06-2011,1337506.74,0,87.9,3.637,218.3551748,7.574
11,24-06-2011,1254587.84,0,86.13,3.594,218.45094,7.574
11,1/7/2011,1297472.06,0,86.43,3.524,218.5467052,7.567
11,8/7/2011,1334627.96,0,87.17,3.48,218.6424704,7.567
11,15-07-2011,1266546.73,0,88.3,3.575,218.7275216,7.567
11,22-07-2011,1290576.44,0,87.8,3.651,218.7857881,7.567
11,29-07-2011,1212938.67,0,89.46,3.682,218.8440545,7.567
11,5/8/2011,1403198.94,0,90.04,3.684,218.9023209,7.567
11,12/8/2011,1354188.43,0,90.3,3.638,218.9605873,7.567
11,19-08-2011,1484169.74,0,89.51,3.554,219.023271,7.567
11,26-08-2011,1304706.75,0,89.09,3.523,219.0866908,7.567
11,2/9/2011,1297792.41,0,91.44,3.533,219.1501106,7.567
11,9/9/2011,1249439.95,1,84.91,3.546,219.2135305,7.567
11,16-09-2011,1270816.01,0,85.11,3.526,219.3972867,7.567
11,23-09-2011,1235775.15,0,82.14,3.467,219.7414914,7.567
11,30-09-2011,1190515.83,0,84.4,3.355,220.085696,7.567
11,7/10/2011,1346271.06,0,76.97,3.285,220.4299007,7.197
11,14-10-2011,1286388.96,0,75.56,3.274,220.7486167,7.197
11,21-10-2011,1325107.53,0,70.91,3.353,220.9144005,7.197
11,28-10-2011,1310684.1,0,72.66,3.372,221.0801842,7.197
11,4/11/2011,1458287.38,0,61.13,3.332,221.245968,7.197
11,11/11/2011,1366053.69,0,64.2,3.297,221.4117517,7.197
11,18-11-2011,1315091.63,0,66.17,3.308,221.6432852,7.197
11,25-11-2011,1848953.48,1,70.03,3.236,221.9011185,7.197
11,2/12/2011,1399322.44,0,56.89,3.172,222.1589519,7.197
11,9/12/2011,1646655.94,0,50.63,3.158,222.4167852,7.197
11,16-12-2011,1783910.06,0,59.69,3.159,222.6426418,7.197
11,23-12-2011,2213518.5,0,54.29,3.112,222.8258628,7.197
11,30-12-2011,1352084.21,1,48.86,3.129,223.0090839,7.197
11,6/1/2012,1283885.55,0,54.44,3.157,223.1923049,6.833
11,13-01-2012,1264736.59,0,53.1,3.261,223.3755259,6.833
11,20-01-2012,1207303.29,0,56.43,3.268,223.4700552,6.833
11,27-01-2012,1162675.85,0,58.36,3.29,223.5645845,6.833
11,3/2/2012,1376732.18,0,60.24,3.36,223.6591137,6.833
11,10/2/2012,1574287.76,1,52.23,3.409,223.753643,6.833
11,17-02-2012,1569607.94,0,52.77,3.51,223.9170153,6.833
11,24-02-2012,1379473.03,0,61.11,3.555,224.1320199,6.833
11,2/3/2012,1438383.44,0,62.61,3.63,224.3470245,6.833
11,9/3/2012,1413382.76,0,61.44,3.669,224.5620291,6.833
11,16-03-2012,1441884.28,0,64.21,3.734,224.7166953,6.833
11,23-03-2012,1300593.61,0,67.16,3.787,224.7909104,6.833
11,30-03-2012,1300104.03,0,70.23,3.845,224.8651254,6.833
11,6/4/2012,1596325.01,0,74.19,3.891,224.9393405,6.664
11,13-04-2012,1472752.01,0,72.74,3.891,225.0135556,6.664
11,20-04-2012,1315356.99,0,71.97,3.877,225.0689541,6.664
11,27-04-2012,1236238.29,0,73.4,3.814,225.1243526,6.664
11,4/5/2012,1370251.22,0,79.07,3.749,225.1797511,6.664
11,11/5/2012,1300147.07,0,75.13,3.688,225.2351496,6.664
11,18-05-2012,1352442.31,0,72.53,3.63,225.2512024,6.664
11,25-05-2012,1297335.87,0,78.44,3.561,225.2515168,6.664
11,1/6/2012,1361595.33,0,81.67,3.501,225.2518313,6.664
11,8/6/2012,1414343.53,0,82.1,3.452,225.2521458,6.664
11,15-06-2012,1417875.42,0,84.97,3.393,225.2644795,6.664
11,22-06-2012,1355680.3,0,83.26,3.346,225.3068615,6.664
11,29-06-2012,1297028.6,0,87.86,3.286,225.3492435,6.664
11,6/7/2012,1461129.94,0,83.44,3.227,225.3916254,6.334
11,13-07-2012,1320239.51,0,82.46,3.256,225.4340074,6.334
11,20-07-2012,1344483.81,0,82.41,3.311,225.4438827,6.334
11,27-07-2012,1272395.02,0,85.43,3.407,225.4537579,6.334
11,3/8/2012,1399341.07,0,86.94,3.417,225.4636332,6.334
11,10/8/2012,1388973.65,0,86.21,3.494,225.4735085,6.334
11,17-08-2012,1421307.2,0,87.73,3.571,225.5558664,6.334
11,24-08-2012,1409515.73,0,83.17,3.62,225.6925864,6.334
11,31-08-2012,1372872.35,0,86.49,3.638,225.8293063,6.334
11,7/9/2012,1304584.4,1,85.17,3.73,225.9660263,6.334
11,14-09-2012,1267675.05,0,79.61,3.717,226.1122067,6.334
11,21-09-2012,1326132.98,0,73.64,3.721,226.3151496,6.334
11,28-09-2012,1227430.73,0,77.67,3.666,226.5180926,6.334
11,5/10/2012,1422794.26,0,73.37,3.617,226.7210356,6.034
11,12/10/2012,1311965.09,0,69.94,3.601,226.9239785,6.034
11,19-10-2012,1232073.18,0,73.77,3.594,226.9688442,6.034
11,26-10-2012,1200729.45,0,74.26,3.506,226.9873637,6.034
12,5/2/2010,1100046.37,0,49.47,2.962,126.4420645,13.975
12,12/2/2010,1117863.33,1,47.87,2.946,126.4962581,13.975
12,19-02-2010,1095421.65,0,54.83,2.915,126.5262857,13.975
12,26-02-2010,1048617.17,0,50.23,2.825,126.5522857,13.975
12,5/3/2010,1077018.27,0,53.77,2.987,126.5782857,13.975
12,12/3/2010,985594.23,0,50.11,2.925,126.6042857,13.975
12,19-03-2010,972088.34,0,59.57,3.054,126.6066452,13.975
12,26-03-2010,981615.81,0,60.06,3.083,126.6050645,13.975
12,2/4/2010,1011822.3,0,59.84,3.086,126.6034839,14.099
12,9/4/2010,1041238.87,0,59.25,3.09,126.6019032,14.099
12,16-04-2010,957997.52,0,64.95,3.109,126.5621,14.099
12,23-04-2010,993833.44,0,64.55,3.05,126.4713333,14.099
12,30-04-2010,954220.22,0,67.38,3.105,126.3805667,14.099
12,7/5/2010,1043240.27,0,70.15,3.127,126.2898,14.099
12,14-05-2010,966054.97,0,68.44,3.145,126.2085484,14.099
12,21-05-2010,958374.56,0,76.2,3.12,126.1843871,14.099
12,28-05-2010,955451.16,0,67.84,3.058,126.1602258,14.099
12,4/6/2010,1049357.36,0,81.39,2.941,126.1360645,14.099
12,11/6/2010,1016039.71,0,90.84,2.949,126.1119032,14.099
12,18-06-2010,956211.2,0,81.06,3.043,126.114,14.099
12,25-06-2010,958007.69,0,87.27,3.084,126.1266,14.099
12,2/7/2010,951957.31,0,91.98,3.105,126.1392,14.18
12,9/7/2010,943506.28,0,90.37,3.1,126.1518,14.18
12,16-07-2010,916402.76,0,97.18,3.094,126.1498065,14.18
12,23-07-2010,912403.67,0,99.22,3.112,126.1283548,14.18
12,30-07-2010,913548.25,0,96.31,3.017,126.1069032,14.18
12,6/8/2010,967576.95,0,92.95,3.123,126.0854516,14.18
12,13-08-2010,928264.4,0,87.01,3.159,126.064,14.18
12,20-08-2010,948447.34,0,92.81,3.041,126.0766452,14.18
12,27-08-2010,1004516.46,0,93.19,3.129,126.0892903,14.18
12,3/9/2010,1075758.55,0,83.12,3.087,126.1019355,14.18
12,10/9/2010,903119.03,1,83.63,3.044,126.1145806,14.18
12,17-09-2010,852882.61,0,82.45,3.028,126.1454667,14.18
12,24-09-2010,851919.34,0,81.77,2.939,126.1900333,14.18
12,1/10/2010,850936.26,0,85.2,3.001,126.2346,14.313
12,8/10/2010,918335.68,0,71.82,3.013,126.2791667,14.313
12,15-10-2010,862419.84,0,75,2.976,126.3266774,14.313
12,22-10-2010,857883.46,0,68.85,3.014,126.3815484,14.313
12,29-10-2010,955294.7,0,61.09,3.016,126.4364194,14.313
12,5/11/2010,929690.71,0,65.49,3.129,126.4912903,14.313
12,12/11/2010,942475.24,0,57.79,3.13,126.5461613,14.313
12,19-11-2010,894493.7,0,58.18,3.161,126.6072,14.313
12,26-11-2010,1601377.41,1,47.66,3.162,126.6692667,14.313
12,3/12/2010,1069533.17,0,43.33,3.041,126.7313333,14.313
12,10/12/2010,1121934.15,0,50.01,3.203,126.7934,14.313
12,17-12-2010,1295605.35,0,52.77,3.236,126.8794839,14.313
12,24-12-2010,1768249.89,0,52.02,3.236,126.9835806,14.313
12,31-12-2010,891736.91,1,45.64,3.148,127.0876774,14.313
12,7/1/2011,910110.24,0,37.64,3.287,127.1917742,14.021
12,14-01-2011,812011.8,0,43.15,3.312,127.3009355,14.021
12,21-01-2011,802105.5,0,53.53,3.223,127.4404839,14.021
12,28-01-2011,873119.06,0,50.74,3.342,127.5800323,14.021
12,4/2/2011,1046068.17,0,45.14,3.348,127.7195806,14.021
12,11/2/2011,1086421.57,1,51.3,3.381,127.859129,14.021
12,18-02-2011,1128485.1,0,53.35,3.43,127.99525,14.021
12,25-02-2011,1046203.72,0,48.45,3.53,128.13,14.021
12,4/3/2011,1085248.21,0,51.72,3.674,128.26475,14.021
12,11/3/2011,997672.62,0,57.75,3.818,128.3995,14.021
12,18-03-2011,1009502.01,0,64.21,3.692,128.5121935,14.021
12,25-03-2011,954107.32,0,54.4,3.909,128.6160645,14.021
12,1/4/2011,1005463.49,0,63.63,3.772,128.7199355,13.736
12,8/4/2011,998362.05,0,64.47,4.003,128.8238065,13.736
12,15-04-2011,990951.77,0,57.63,3.868,128.9107333,13.736
12,22-04-2011,1016019.47,0,72.12,4.134,128.9553,13.736
12,29-04-2011,994966.1,0,68.27,4.151,128.9998667,13.736
12,6/5/2011,1021154.48,0,68.4,4.193,129.0444333,13.736
12,13-05-2011,977033.5,0,70.93,4.202,129.089,13.736
12,20-05-2011,924134.99,0,66.59,4.169,129.0756774,13.736
12,27-05-2011,964332.51,0,76.67,4.087,129.0623548,13.736
12,3/6/2011,970328.68,0,71.81,4.031,129.0490323,13.736
12,10/6/2011,996937.95,0,78.72,3.981,129.0357097,13.736
12,17-06-2011,986504.93,0,86.84,3.935,129.0432,13.736
12,24-06-2011,997282.75,0,88.95,3.898,129.0663,13.736
12,1/7/2011,961993.34,0,89.85,3.842,129.0894,13.503
12,8/7/2011,943717.38,0,89.9,3.705,129.1125,13.503
12,15-07-2011,936001.98,0,88.1,3.692,129.1338387,13.503
12,22-07-2011,922231.92,0,91.17,3.794,129.1507742,13.503
12,29-07-2011,890547.07,0,93.29,3.805,129.1677097,13.503
12,5/8/2011,988712.52,0,90.61,3.803,129.1846452,13.503
12,12/8/2011,955913.68,0,91.04,3.701,129.2015806,13.503
12,19-08-2011,966817.24,0,91.74,3.743,129.2405806,13.503
12,26-08-2011,1017593.47,0,94.61,3.74,129.2832581,13.503
12,2/9/2011,1052051.45,0,93.66,3.798,129.3259355,13.503
12,9/9/2011,922850.57,1,88,3.913,129.3686129,13.503
12,16-09-2011,889290.23,0,76.36,3.918,129.4306,13.503
12,23-09-2011,871692.74,0,82.95,3.789,129.5183333,13.503
12,30-09-2011,866401.45,0,83.26,3.877,129.6060667,13.503
12,7/10/2011,951244.66,0,70.44,3.827,129.6938,12.89
12,14-10-2011,927600.01,0,67.31,3.805,129.7706452,12.89
12,21-10-2011,938604.58,0,73.05,3.842,129.7821613,12.89
12,28-10-2011,990926.38,0,67.41,3.727,129.7936774,12.89
12,4/11/2011,1051944.79,0,59.77,3.828,129.8051935,12.89
12,11/11/2011,1095091.53,0,48.76,3.824,129.8167097,12.89
12,18-11-2011,970641.34,0,54.2,3.813,129.8268333,12.89
12,25-11-2011,1591920.42,1,53.25,3.622,129.8364,12.89
12,2/12/2011,1071383.1,0,52.5,3.701,129.8459667,12.89
12,9/12/2011,1189646.45,0,42.17,3.644,129.8555333,12.89
12,16-12-2011,1293404.18,0,43.29,3.6,129.8980645,12.89
12,23-12-2011,1617612.03,0,45.4,3.541,129.9845484,12.89
12,30-12-2011,1111638.07,1,44.64,3.428,130.0710323,12.89
12,6/1/2012,945823.65,0,50.43,3.599,130.1575161,12.187
12,13-01-2012,865467.86,0,48.07,3.657,130.244,12.187
12,20-01-2012,855922.64,0,46.2,3.66,130.2792258,12.187
12,27-01-2012,888203.69,0,50.43,3.675,130.3144516,12.187
12,3/2/2012,1058767.95,0,50.58,3.702,130.3496774,12.187
12,10/2/2012,1199330.85,1,52.27,3.722,130.3849032,12.187
12,17-02-2012,1240048.85,0,51.8,3.781,130.4546207,12.187
12,24-02-2012,1112034.72,0,53.13,3.95,130.5502069,12.187
12,2/3/2012,1147636.96,0,52.27,4.178,130.6457931,12.187
12,9/3/2012,1113208.57,0,54.54,4.25,130.7413793,12.187
12,16-03-2012,1088498.52,0,64.44,4.273,130.8261935,12.187
12,23-03-2012,1045419.87,0,56.26,4.038,130.8966452,12.187
12,30-03-2012,1025382.22,0,64.36,4.294,130.9670968,12.187
12,6/4/2012,1128765.71,0,64.05,4.121,131.0375484,11.627
12,13-04-2012,1083811.19,0,64.28,4.254,131.108,11.627
12,20-04-2012,1006486.96,0,66.73,4.222,131.1173333,11.627
12,27-04-2012,1004252.38,0,77.99,4.193,131.1266667,11.627
12,4/5/2012,1073433.69,0,76.03,4.171,131.136,11.627
12,11/5/2012,1041995.22,0,77.27,4.186,131.1453333,11.627
12,18-05-2012,1020486.05,0,84.51,4.11,131.0983226,11.627
12,25-05-2012,991514.21,0,83.84,4.293,131.0287742,11.627
